Mutation,HGVSp,HGVSg,gnomAD genome allele frequency,gnomAD exome allele frequency,REVEL score,Mutation sources,"Stability (FoldX5, kcal/mol) [md]","Stability (RaSP, kcal/mol) [md]","Stability classification, (RaSP, FoldX) [md]","Local Int. (Binding with ATG9A_7JLP_AB, homodimer, FoldX5, kcal/mol) [md]","Local Int. (Binding with ATG9A_7JLP_AC, homodimer, FoldX5, kcal/mol) [md]","Local Int. (Binding with ATG9A_7JLP_AB, homodimer, Rosetta Talaris 2014, kcal/mol) [md]","Local Int. (Binding with ATG9A_7JLP_AC, homodimer, Rosetta Talaris 2014, kcal/mol) [md]",Local Int. classification (ATG9A_7JLP_AB) [md],Local Int. classification (ATG9A_7JLP_AC) [md],PTMs [md],is site part of phospho-SLiM [md],PTM residue SASA (%) [md],"Change in stability with PTM (FoldX5, kcal/mol) [md]",PTM effect in regulation [md],PTM effect in stability [md],PTM effect in function [md],AlloSigma2-PSN classification [md],ClinVar Variation ID,ClinVar Interpretation,ClinVar Review Status,DeMaSk delta fitness,DeMaSk Shannon entropy,DeMaSk log2 variant frequency,DeMaSk predicted consequence,GEMME Score,GEMME Score (rank-normalized),EVE score,EVE classification (25% Uncertain),AlphaMissense pathogenicity score,AlphaMissense classification,References
L43H,NP_001070666:p.Leu43His,"hg19,2:g.220092511A>T",,,0.885,cBioPortal,2.80703,1.9019186072464176,Uncertain,,,,,,,,True,9.561,,neutral,neutral,neutral,neutral,,,,-0.4244,0.3886,-21.8951,loss_of_function,-6.21021951418098,0.21657955592007275,0.976261252952476,Pathogenic,0.9985,pathogenic,
V50I,NP_001070666:p.Val50Ile,"hg19,2:g.220091655C>T, hg38,2:g.219226933C>T",,8.0154537949e-06,0.084,"cBioPortal,COSMIC",-0.20097,0.16002822533873748,Neutral,,,,,,,,True,0.071,,neutral,neutral,neutral,neutral,,,,-0.0189,1.7583,-1.4928,loss_of_function,-0.0117148522365229,0.9520310217590663,0.0005172989661901,Benign,0.0833,benign,
K56N,NP_001070666:p.Lys56Asn,"hg19,2:g.220091635C>A, hg38,2:g.219226913C>A",,,0.434,"cBioPortal,COSMIC",0.56017,0.5003166639957546,Neutral,,-0.04135,,0.011326666666666665,Uncertain,Neutral,,False,59.902,,neutral,neutral,neutral,neutral,,,,-0.0416,2.2121,-3.5073,loss_of_function,-1.16365304632641,0.8153537617417175,0.0037628333458458,Benign,0.7883,pathogenic,
H103D,NP_001070666:p.His103Asp,"hg38,2:g.219225478G>C",,4.0069239646e-06,0.279,COSMIC,0.05076,0.6062631067890253,Neutral,,0.22565,,0.10399666666666667,Uncertain,Neutral,,False,82.524,,neutral,neutral,neutral,neutral,,,,0.0528,3.3993,-5.717,gain_of_function,-1.24683028209839,0.805484797643246,,,0.1129,benign,
H103N,NP_001070666:p.His103Asn,"hg19,2:g.220090200G>T, hg38,2:g.219225478G>T",,,0.136,"cBioPortal,COSMIC",0.05868,0.41287983240225706,Neutral,,0.14626,,0.21336666666666668,Uncertain,Neutral,,False,82.524,,neutral,neutral,neutral,neutral,,,,0.1084,3.3993,-2.7535,gain_of_function,-0.485079169739396,0.8958664304309776,,,0.0754,benign,
P104S,NP_001070666:p.Pro104Ser,"hg19,2:g.220090197G>A, hg38,2:g.219225475G>A",,,0.059,"cBioPortal,COSMIC",1.042,-0.09218729124404561,Neutral,0.00948,0.07488,-0.010576666666666665,-0.015743333333333328,Neutral,Neutral,,False,84.319,,neutral,neutral,neutral,neutral,,,,0.0491,3.089,-4.1646,gain_of_function,-0.252395110007947,0.9234743523637458,,,0.0706,benign,
V108I,NP_001070666:p.Val108Ile,"hg19,2:g.220090185C>T, hg38,2:g.219225463C>T",3.1847133758e-05,2.40448195436e-05,0.059,"cBioPortal,COSMIC",-0.23606,-0.1969744981251794,Neutral,-0.02427,-0.10235,0.011520000000000002,-0.12576666666666667,Neutral,Neutral,,False,106.801,,neutral,neutral,neutral,neutral,,,,0.1113,3.3141,-4.0312,gain_of_function,-0.0035705793361887,0.9529973382772285,,,0.0762,benign,
L168P,NP_001070666:p.Leu168Pro,,,,,clinvar,5.65045,8.238510342468684,Destabilizing,,,,,,,,False,0.086,,neutral,neutral,neutral,neutral,2308254,Uncertain significance,1,-0.4967,0.0586,-22.0789,loss_of_function,-7.41341407079031,0.07382073768757322,0.985803446100768,Pathogenic,0.9977,pathogenic,
E182D,NP_001070666:p.Glu182Asp,"hg19,2:g.220089547T>G, hg38,2:g.219224825T>G",,,0.183,"cBioPortal,COSMIC",0.00394,0.4481314071360784,Neutral,,0.24259,,0.6151866666666667,Uncertain,Neutral,,True,64.63,,neutral,neutral,neutral,neutral,,,,-0.0824,1.1738,-3.4437,loss_of_function,-1.48889055527275,0.7767643896680063,0.0072323017329338,Benign,0.2311,benign,
E182V,NP_001070666:p.Glu182Val,"hg19,2:g.220089548T>A",,,0.658,cBioPortal,1.10799,0.21108060798706177,Neutral,,0.24518,,0.8144200000000001,Uncertain,Neutral,,True,64.63,,neutral,neutral,neutral,uncertain,,,,-0.1575,1.1738,-8.8359,loss_of_function,-4.00839574507133,0.47782555101509744,0.7892965202538835,Pathogenic,0.7789,pathogenic,
V183M,NP_001070666:p.Val183Met,"hg19,2:g.220089546C>T",,,0.573,cBioPortal,1.32163,1.6349268023431442,Neutral,,,,,,,,True,0.121,,neutral,neutral,neutral,neutral,,,,-0.2366,0.6051,-8.8359,loss_of_function,-0.860461613805707,0.851327370803621,0.959296173228382,Pathogenic,0.9332,pathogenic,
R186Q,NP_001070666:p.Arg186Gln,"hg19,2:g.220089536C>T, hg38,2:g.219224814C>T",,4.016161032e-06,0.351,"cBioPortal,COSMIC",1.10913,1.069607388292824,Neutral,,,,,Uncertain,Uncertain,,True,39.037,,neutral,neutral,neutral,neutral,,,,-0.2153,1.0081,-7.2479,loss_of_function,-3.35311882567559,0.555574039914173,0.3915537422356385,Uncertain,0.1567,benign,
V188M,NP_001070666:p.Val188Met,"hg19,2:g.220089531C>T, hg38,2:g.219224809C>T",3.18613394507e-05,1.20441296912e-05,0.188,"cBioPortal,COSMIC",-0.80379,0.6806577032905848,Neutral,,,,,Uncertain,Uncertain,,True,36.34,,neutral,neutral,neutral,neutral,,,,-0.0323,2.6146,-5.0255,loss_of_function,-0.966804681420348,0.8387097849140478,0.0009736416182406,Benign,0.3071,benign,
T190M,NP_001070666:p.Thr190Met,"hg38,2:g.219224802G>A",,8.0245229421e-06,0.161,COSMIC,-0.41435,0.28813566706306437,Neutral,,,,,,,,True,8.085,,uncertain,,,neutral,,,,-0.0659,2.4056,-6.5109,loss_of_function,-1.03710490121632,0.8303686764503927,0.0001380413430885,Benign,0.0805,benign,
E193K,NP_001070666:p.Glu193Lys,"hg19,2:g.220089516C>T, hg38,2:g.219224794C>T",,,0.167,"cBioPortal,COSMIC",0.13086,0.41909534781957763,Neutral,,,,,Uncertain,Uncertain,,True,63.754,,neutral,neutral,neutral,neutral,,,,-0.0707,1.9795,-4.6406,loss_of_function,-2.3524239773867,0.6743063040923408,0.0386098316886253,Benign,0.4202,ambiguous,
H194R,NP_001070666:p.His194Arg,"hg19,2:g.220089512T>C, hg38,2:g.219224790T>C",,,0.141,"cBioPortal,COSMIC",-0.41067,0.8764361864471194,Neutral,,,,,Uncertain,Uncertain,,True,74.402,,neutral,neutral,neutral,neutral,,,,-0.0395,2.4497,-8.8168,loss_of_function,-2.90087540074943,0.6092326411281075,0.1386970942004683,Benign,0.4837,ambiguous,
L206V,NP_001070666:p.Leu206Val,"hg19,2:g.220089477G>C",,,0.261,cBioPortal,0.89446,0.5043102947325623,Neutral,,,,,Uncertain,Uncertain,,True,71.394,,neutral,neutral,neutral,neutral,,,,-0.2066,0.5974,-8.8516,loss_of_function,-2.9587960673497,0.6023603644296533,0.8867990268304395,Pathogenic,0.6732,pathogenic,
R211H,NP_001070666:p.Arg211His,"hg19,2:g.220089461C>T",,4.0072450991e-06,0.665,"cBioPortal,clinvar",0.24374,0.6833676085678122,Neutral,,,,,,,,True,8.269,,neutral,neutral,neutral,neutral,2382168,Uncertain significance,1,-0.3771,0.0223,-22.1426,loss_of_function,-7.81187982284255,0.02654284770990771,0.9835750359549278,Pathogenic,0.9788,pathogenic,
M219I,NP_001070666:p.Met219Ile,"hg19,2:g.220089436C>A, hg38,2:g.219224714C>A",,,0.166,"cBioPortal,COSMIC",1.8535,0.6305909617255802,Neutral,,,,,,,,False,2.773,,neutral,neutral,neutral,uncertain,,,,-0.0485,2.1101,-7.2854,loss_of_function,-1.36699355026309,0.7912274474383968,0.1735824297370055,Benign,0.6643,pathogenic,
V220A,NP_001070666:p.Val220Ala,"hg38,2:g.219224712A>G",,,0.476,COSMIC,1.05198,1.5875798440592275,Neutral,,,,,,,,False,9.638,,neutral,neutral,neutral,neutral,,,,-0.2054,0.8399,-8.864,loss_of_function,-5.4649872146634,0.30500123452841565,0.9693771141649165,Pathogenic,0.9101,pathogenic,
V223A,NP_001070666:p.Val223Ala,"hg19,2:g.220089425A>G, hg38,2:g.219224703A>G",,,0.298,"cBioPortal,COSMIC",1.98661,2.6515585784352633,Uncertain,,,,,,,,False,2.047,,neutral,neutral,neutral,neutral,,,,-0.0724,1.9851,-3.441,loss_of_function,-1.73848040981699,0.7471505982143882,0.0791501728782151,Benign,0.8257,pathogenic,
V223F,NP_001070666:p.Val223Phe,"hg19,2:g.220089426C>A, hg38,2:g.219224704C>A",,,0.337,"cBioPortal,COSMIC",3.83276,0.9720203043182764,Uncertain,,,,,,,,False,2.047,,neutral,neutral,neutral,neutral,,,,-0.153,1.9851,-4.1124,loss_of_function,-1.87512619869082,0.7309375998851334,0.1035141388406483,Benign,0.7581,pathogenic,
V223L,NP_001070666:p.Val223Leu,"hg19,2:g.220089426C>G, hg38,2:g.219224704C>G",,,0.181,"cBioPortal,COSMIC",-0.55196,0.5137870335942666,Neutral,,,,,,,,False,2.047,,neutral,neutral,neutral,neutral,,,,-0.0926,1.9851,-7.2823,loss_of_function,-1.670074473968,0.7552669502276568,0.233919439474997,Benign,0.7034,pathogenic,
A271V,NP_001070666:p.Ala271Val,"hg19,2:g.220089281G>A, hg38,2:g.219224559G>A",,,0.086,"cBioPortal,COSMIC",0.57581,-0.07161915127129473,Neutral,,,,,Uncertain,Uncertain,,True,82.712,,neutral,neutral,neutral,neutral,,,,-0.0652,2.6383,-22.1673,loss_of_function,-3.06697367763102,0.5895251103818813,0.1597321723533878,Benign,0.1315,benign,
R275C,NP_001070666:p.Arg275Cys,"hg19,2:g.220089270G>A, hg38,2:g.219224548G>A",,,0.438,"cBioPortal,COSMIC",0.55512,1.0946617884548913,Neutral,,,,,Uncertain,Uncertain,,False,73.547,,neutral,neutral,neutral,neutral,,,,-0.1293,2.4047,-8.8794,loss_of_function,-1.07879894384173,0.8254216857747428,0.8322785567208159,Pathogenic,0.6465,pathogenic,
R337C,NP_001070666:p.Arg337Cys,"hg19,2:g.220089084G>A",6.37551801084e-05,3.61315187282e-05,0.55,"cBioPortal,clinvar",0.57958,1.7282287139460994,Neutral,,,,,Uncertain,Uncertain,,False,36.197,,neutral,neutral,neutral,neutral,2372339,Uncertain significance,1,-0.3375,0.8799,-22.1765,loss_of_function,-5.14502231706671,0.34296501221164327,0.947548377248286,Pathogenic,0.5595,ambiguous,
R337H,NP_001070666:p.Arg337His,"hg19,2:g.220089083C>T, hg38,2:g.219224361C>T",0.0001274697259401,2.40927087432e-05,0.341,"cBioPortal,COSMIC",0.60258,0.6072406324838721,Neutral,,,,,Uncertain,Uncertain,,False,36.197,,neutral,neutral,neutral,neutral,,,,-0.2162,0.8799,-6.0814,loss_of_function,-2.03852327038618,0.7115505666495312,0.5776323403792549,Uncertain,0.3141,benign,
C338Y,NP_001070666:p.Cys338Tyr,"hg19,2:g.220089080C>T",,,0.213,cBioPortal,-0.92799,-0.2656198326695612,Neutral,,,,,,,,False,9.161,,neutral,neutral,neutral,neutral,,,,-0.1749,2.4808,-4.0844,loss_of_function,-1.39966227231251,0.7873513094295249,5.576422624496499e-06,Benign,0.3183,benign,
Y339S,NP_001070666:p.Tyr339Ser,"hg38,2:g.219224355T>G",,,0.511,COSMIC,3.52424,2.793032164567417,Uncertain,,,,,,,,True,17.598,,uncertain,,,neutral,,,,-0.2205,1.7722,-7.8887,loss_of_function,-3.80338106261284,0.5021505062996053,0.5167295725364638,Uncertain,0.8261,pathogenic,
R341H,NP_001070666:p.Arg341His,"hg19,2:g.220089071C>T",,,0.861,cBioPortal,2.25691,1.3391159031017066,Uncertain,,,,,,,,True,8.644,,neutral,neutral,neutral,neutral,,,,-0.3692,0.1092,-22.1734,loss_of_function,-7.96950789943298,0.007840304708278912,0.9882991448758384,Pathogenic,0.9402,pathogenic,
E349D,NP_001070666:p.Glu349Asp,"hg19,2:g.220089046C>A",,,0.181,cBioPortal,0.74734,0.5355942959932612,Neutral,,,,,Uncertain,Uncertain,,False,60.225,,neutral,neutral,neutral,neutral,,,,-0.1628,0.5152,-7.3128,loss_of_function,-2.2438621771204,0.687187142212889,0.6501776711785427,Uncertain,0.9369,pathogenic,
E349K,NP_001070666:p.Glu349Lys,"hg19,2:g.220089048C>T, hg38,2:g.219224326C>T",,8.0316124265e-06,0.328,"cBioPortal,COSMIC",0.26493,0.3430340320395415,Neutral,,,,,Uncertain,Uncertain,,False,60.225,,neutral,neutral,neutral,neutral,,,,-0.295,0.5152,-22.1856,loss_of_function,-6.98222714590099,0.12498098895065439,0.9756426865682292,Pathogenic,0.9713,pathogenic,
R353H,NP_001070666:p.Arg353His,"hg19,2:g.220089035C>T, hg38,2:g.219224313C>T",,,0.665,"cBioPortal,COSMIC",4.4037,1.2173767742574555,Uncertain,,0.0043,,-0.15814666666666666,,Neutral,,False,11.19,,neutral,neutral,neutral,neutral,,,,-0.3076,0.0434,-8.9007,loss_of_function,-7.94397527235169,0.010869746329730331,0.9913706230315884,Pathogenic,0.9887,pathogenic,
R356H,NP_001070666:p.Arg356His,"hg19,2:g.220089026C>T, hg38,2:g.219224304C>T",,2.005680086e-05,0.241,"cBioPortal,COSMIC",0.59914,0.6850720406961742,Neutral,,0.01723,,-0.16424333333333332,Uncertain,Neutral,,False,71.825,,neutral,neutral,neutral,neutral,,,,-0.2503,1.403,-22.1856,loss_of_function,-2.33088245000945,0.6768622024500972,0.6545745082668503,Uncertain,0.3403,ambiguous,
G357D,NP_001070666:p.Gly357Asp,"hg19,2:g.220089023C>T, hg38,2:g.219224301C>T",,,0.398,"cBioPortal,COSMIC",5.18438,4.459675602546365,Destabilizing,,0.00379,,0.05537333333333333,,Neutral,,False,0.009,,neutral,neutral,neutral,neutral,,,,-0.3026,1.5327,-22.1856,loss_of_function,-6.01678761142832,0.23953021647097447,0.9627533170647464,Pathogenic,0.9972,pathogenic,
G357V,NP_001070666:p.Gly357Val,"hg19,2:g.220089023C>A",,,0.358,cBioPortal,2.62913,3.1010215418074285,Uncertain,,-0.00049,,0.03765333333333334,,Neutral,,False,0.009,,neutral,neutral,neutral,neutral,,,,-0.2613,1.5327,-8.8977,loss_of_function,-4.49172898369158,0.42047814898532127,0.6787992803539256,Uncertain,0.9798,pathogenic,
P426L,NP_001070666:p.Pro426Leu,"hg19,2:g.220088733G>A, hg38,2:g.219224011G>A",,4.0656686805e-06,0.753,"cBioPortal,COSMIC",1.50361,-0.6932499050633165,Neutral,-0.01684,,-0.019423333333333334,,Neutral,Uncertain,,False,20.424,,neutral,neutral,neutral,neutral,,,,-0.2951,0.88,-22.1642,loss_of_function,-4.77766820921692,0.38655151118756753,0.9526405642316054,Pathogenic,0.8904,pathogenic,
P426S,NP_001070666:p.Pro426Ser,"hg38,2:g.219224012G>A",,,0.523,COSMIC,2.0394,0.5195169330285254,Uncertain,-0.02089,,-0.011659999999999998,,Neutral,Uncertain,,False,20.424,,neutral,neutral,neutral,neutral,,,,-0.1599,0.88,-5.2915,loss_of_function,-2.91350525739604,0.6077341109033724,0.2497011021143972,Benign,0.8191,pathogenic,
D427E,NP_001070666:p.Asp427Glu,"hg19,2:g.220088729G>C, hg38,2:g.219224007G>C",,,0.24,"cBioPortal,COSMIC",0.06302,0.27392332233050226,Neutral,0.10658,,0.026226666666666662,,Neutral,Uncertain,,False,68.181,,neutral,neutral,neutral,neutral,,,,-0.1038,1.0027,-3.1186,loss_of_function,-0.554987397547813,0.8875718317463042,0.0314073275047664,Benign,0.565,pathogenic,
H429Y,NP_001070666:p.His429Tyr,"hg19,2:g.220088725G>A, hg38,2:g.219224003G>A",,,0.198,"cBioPortal,COSMIC",-0.03356,0.338922656146994,Neutral,-0.64216,,-0.5779933333333334,,Neutral,Uncertain,,False,97.867,,neutral,neutral,neutral,neutral,,,,0.0049,2.1782,-7.8641,gain_of_function,-1.01517414338438,0.832970756931752,0.6102217174794095,Uncertain,0.2499,benign,
M430I,NP_001070666:p.Met430Ile,"hg19,2:g.220088720C>A",,,0.072,cBioPortal,0.87029,-0.030336969873880903,Neutral,0.04277,,-0.14729666666666666,,Neutral,Uncertain,,False,29.989,,neutral,neutral,neutral,uncertain,,,,-0.0038,2.595,-7.273,loss_of_function,-0.933393487183444,0.8426740171147306,0.0110077657845659,Benign,0.5784,pathogenic,
M430T,NP_001070666:p.Met430Thr,"hg19,2:g.220088721A>G",,,0.192,cBioPortal,1.33205,1.003646976625503,Neutral,0.1771,,-0.019606666666666668,,Neutral,Uncertain,,False,29.989,,neutral,neutral,neutral,neutral,,,,-0.0427,2.595,-4.3344,loss_of_function,-0.819871519465559,0.8561433782133241,0.0031202609461565,Benign,0.2123,benign,
F432V,NP_001070666:p.Phe432Val,"hg19,2:g.220088716A>C",,4.0314777785e-06,0.36,"cBioPortal,clinvar",0.93339,1.2719307036729057,Neutral,0.79192,,0.5790133333333333,,Neutral,Uncertain,,False,78.836,,neutral,neutral,neutral,neutral,2247766,Uncertain significance,1,-0.0995,2.3017,-7.2823,loss_of_function,-2.40916800943004,0.6675736348729233,0.0789209439962341,Benign,0.8409,pathogenic,
C433F,NP_001070666:p.Cys433Phe,"hg38,2:g.219223990C>A",,,0.463,COSMIC,-0.4461,-0.9038959383925561,Neutral,-0.38701,,-0.54734,,Neutral,Uncertain,,False,54.073,,neutral,neutral,neutral,neutral,,,,-0.2199,1.98,-5.6973,loss_of_function,-2.92179112350637,0.6067509943762524,0.2270860841473508,Benign,0.8045,pathogenic,
P434S,NP_001070666:p.Pro434Ser,"hg19,2:g.220088710G>A, hg38,2:g.219223988G>A",,,0.669,"cBioPortal,COSMIC",2.94326,0.7530046627553894,Uncertain,0.08429,,-0.11369,,Neutral,Uncertain,,False,20.232,,neutral,neutral,neutral,neutral,,,,-0.1903,0.6374,-6.8734,loss_of_function,-3.28262541907692,0.5639380699573017,0.8230445985105137,Pathogenic,0.9726,pathogenic,
Q436H,NP_001070666:p.Gln436His,"hg19,2:g.220088702C>A",,,0.327,cBioPortal,0.75506,-0.2733218012884186,Neutral,0.0832,,-0.11707333333333332,,Neutral,Uncertain,,False,83.785,,neutral,neutral,neutral,neutral,,,,0.0413,2.8339,-6.2792,gain_of_function,-1.18242503729163,0.8131264683822645,0.0241394202577271,Benign,0.5974,pathogenic,
L438F,NP_001070666:p.Leu438Phe,"hg19,2:g.220088698G>A",,,0.447,cBioPortal,0.54736,0.6476449134573612,Neutral,,,,,,,,False,3.446,,neutral,neutral,neutral,neutral,,,,-0.1647,1.1119,-5.4047,loss_of_function,-3.322086420013,0.559256029277379,0.5101378977772184,Uncertain,0.8693,pathogenic,
R439C,NP_001070666:p.Arg439Cys,"hg19,2:g.220088695G>A",,4.0182589688e-06,0.171,cBioPortal,0.82611,1.5461137088672643,Neutral,,,,,Uncertain,Uncertain,,False,56.966,,neutral,neutral,neutral,neutral,,,,-0.0752,2.9923,-8.864,loss_of_function,-2.40104760164346,0.6685371197996212,0.5041261245120608,Uncertain,0.271,benign,
R439H,NP_001070666:p.Arg439His,"hg19,2:g.220088694C>T, hg38,2:g.219223972C>T",9.55779278705e-05,0.0001406503672984,0.24,"cBioPortal,COSMIC",0.58293,0.5024713092968308,Neutral,,,,,Uncertain,Uncertain,,False,56.966,,neutral,neutral,neutral,neutral,3131031,Uncertain significance,1,-0.036,2.9923,-8.864,loss_of_function,-3.27575985147639,0.5647526683211016,0.0988626351811846,Benign,0.1371,benign,
V440M,NP_001070666:p.Val440Met,"hg19,2:g.220088692C>T",3.18532203606e-05,1.20513871147e-05,0.26,cBioPortal,-1.10778,0.008231661867490463,Neutral,,,,,Uncertain,Uncertain,,False,75.541,,neutral,neutral,neutral,neutral,,,,0.0375,3.3806,-5.1606,gain_of_function,-1.30450286411725,0.7986419561358582,0.0009363413980392,Benign,0.3442,ambiguous,
D450N,NP_001070666:p.Asp450Asn,"hg19,2:g.220088662C>T, hg38,2:g.219223940C>T",,,0.234,"cBioPortal,COSMIC",0.9388,0.27460253947916896,Neutral,,,,,Uncertain,Uncertain,,False,104.911,,neutral,neutral,neutral,uncertain,,,,-0.0362,2.1489,-6.2761,loss_of_function,-0.812062581591228,0.8570699072908261,0.1311769269099734,Benign,0.4105,ambiguous,
H457R,NP_001070666:p.His457Arg,"hg19,2:g.220088640T>C",,,0.673,cBioPortal,-0.35561,0.16442306085947822,Neutral,-0.10899,,0.13203333333333334,,Neutral,Uncertain,,True,67.616,,neutral,neutral,neutral,neutral,,,,-0.1461,1.2377,-7.8423,loss_of_function,-2.83686374166965,0.6168276129912476,0.7410651807888221,Pathogenic,0.9295,pathogenic,
R458C,NP_001070666:p.Arg458Cys,"hg38,2:g.219223916G>A",3.18572793883e-05,4.0073414495e-06,0.174,COSMIC,0.98039,1.071679805397687,Neutral,0.88119,,0.5324466666666666,,Neutral,Uncertain,,True,75.887,,neutral,neutral,neutral,neutral,,,,-0.178,1.8734,-8.8485,loss_of_function,-2.51516099518676,0.6549975861329717,0.0914507550175879,Benign,0.2344,benign,
I501L,NP_001070666:p.Ile501Leu,"hg19,2:g.220088405T>G, hg38,2:g.219223683T>G",,,0.249,"cBioPortal,COSMIC",0.07692,0.7224441482345542,Neutral,,,,,,,,False,0.878,,neutral,neutral,neutral,uncertain,,,,-0.1281,0.9363,-3.1859,loss_of_function,-1.80156140071209,0.7396660499643553,0.0550317990156781,Benign,0.2117,benign,
R506Q,NP_001070666:p.Arg506Gln,"hg19,2:g.220088389C>T, hg38,2:g.219223667C>T",,,0.341,"cBioPortal,COSMIC",0.52075,1.5986666121210196,Neutral,,,,,Uncertain,Uncertain,,True,25.777,,neutral,neutral,neutral,neutral,,,,-0.3158,0.7409,-22.1174,loss_of_function,-4.0493448734241,0.47296694428422403,0.7189809778248901,Pathogenic,0.9073,pathogenic,
V510M,NP_001070666:p.Val510Met,"hg19,2:g.220088378C>T, hg38,2:g.219223656C>T",,,0.491,"cBioPortal,COSMIC",-0.35482,0.4272874291518339,Neutral,,,,,Uncertain,Uncertain,,True,76.855,,neutral,neutral,neutral,neutral,,,,-0.2826,0.8416,-22.1174,loss_of_function,-3.19398914629268,0.5744547478176721,0.9155745339633368,Pathogenic,0.7152,pathogenic,
V513I,NP_001070666:p.Val513Ile,"hg19,2:g.220088369C>T, hg38,2:g.219223647C>T",0.0008289230376841,0.0008786993644476,0.048,"cBioPortal,COSMIC",0.04056,-0.04926172358377331,Neutral,,,,,Uncertain,Uncertain,,True,156.139,,neutral,neutral,neutral,neutral,,,,0.0489,2.6654,-4.5723,gain_of_function,-0.448982890895524,0.9001492474384478,0.0191249518211439,Benign,0.1267,benign,
V515A,NP_001070666:p.Val515Ala,"hg19,2:g.220088362A>G",,,0.389,cBioPortal,1.15447,1.334468322699914,Neutral,,,,,Uncertain,Uncertain,,False,21.344,,neutral,neutral,neutral,neutral,,,,-0.1989,0.9086,-8.82,loss_of_function,-2.29124278250476,0.6815654418863243,0.9066405285582568,Pathogenic,0.9168,pathogenic,
Q523E,NP_001070666:p.Gln523Glu,"hg19,2:g.220088339G>C",,,0.397,cBioPortal,,,,,,,,,,,True,,,neutral,neutral,neutral,uncertain,,,,-0.1082,1.1948,-5.2256,loss_of_function,-1.72722617854064,0.7484859107357934,0.0634646456122093,Benign,0.3839,ambiguous,
V526I,NP_001070666:p.Val526Ile,,,,,clinvar,,,,,,,,,,,True,,,neutral,neutral,neutral,uncertain,2238309,Uncertain significance,1,-0.0409,1.5165,-1.4586,loss_of_function,-0.557678562855649,0.8872525254654499,0.0012570960430464,Benign,0.0936,benign,
R527C,NP_001070666:p.Arg527Cys,"hg19,2:g.220088327G>A",,,0.571,"cBioPortal,clinvar",,,,,,,,,,,False,,,neutral,neutral,neutral,uncertain,2334232,Uncertain significance,1,-0.1887,1.6674,-7.2256,loss_of_function,-1.44674630384855,0.7817647975368441,0.8530687654783985,Pathogenic,0.6596,pathogenic,
R527H,NP_001070666:p.Arg527His,"hg38,2:g.219223604C>T",,0.0,0.427,COSMIC,,,,,,,,,,,False,,,neutral,neutral,neutral,uncertain,,,,-0.1445,1.6674,-6.2256,loss_of_function,-2.83759458560496,0.6167408984894706,0.2715548094385842,Benign,0.4762,ambiguous,
H529R,NP_001070666:p.His529Arg,"hg19,2:g.220088320T>C",,,0.535,cBioPortal,,,,,,,,,,,False,,,neutral,neutral,neutral,uncertain,,,,-0.2162,0.4413,-7.2224,loss_of_function,-3.21190310791808,0.5723292594854182,0.7382245281860439,Pathogenic,0.9945,pathogenic,
Q533K,NP_001070666:p.Gln533Lys,"hg38,2:g.219223587G>T",,,0.066,COSMIC,,,,,,,,,,,False,,,neutral,neutral,neutral,uncertain,,,,0.0486,3.1181,-3.6781,gain_of_function,-1.08289522235708,0.8249356630639599,0.0049677633435357,Benign,0.1593,benign,
A537V,NP_001070666:p.Ala537Val,"hg19,2:g.220087605G>A",,,0.034,cBioPortal,,,,,,,,,,,False,,,neutral,neutral,neutral,uncertain,,,,0.0856,3.2832,-4.2512,gain_of_function,-0.369074697462393,0.9096303402500334,0.0049528370139505,Benign,0.1162,benign,
G538W,NP_001070666:p.Gly538Trp,"hg19,2:g.220087603C>A, hg38,2:g.219222881C>A",,,0.26,"cBioPortal,COSMIC",,,,,,,,,,,False,,,neutral,neutral,neutral,uncertain,,,,-0.2519,2.4836,-22.0625,loss_of_function,-3.0526088990849,0.5912294887786675,0.7689852274584752,Pathogenic,0.8769,pathogenic,
T540A,NP_001070666:p.Thr540Ala,,,,,clinvar,,,,,,,,,,,False,,,uncertain,,,uncertain,2266909,Uncertain significance,1,0.0014,2.5551,-4.7748,gain_of_function,-1.2978384284355,0.7994326902335874,0.0145082909333295,Benign,0.7129,pathogenic,
E541D,NP_001070666:p.Glu541Asp,"hg19,2:g.220087592C>A, hg38,2:g.219222870C>A",,,0.18,"cBioPortal,COSMIC",,,,,,,,,,,False,,,neutral,neutral,neutral,uncertain,,,,0.0273,2.4019,-4.0743,gain_of_function,-1.09210110096879,0.8238433872186444,0.0094765377296837,Benign,0.4357,ambiguous,
A548S,NP_001070666:p.Ala548Ser,"hg38,2:g.219222851C>A",,,0.212,COSMIC,,,,,,,,,,,False,,,neutral,neutral,neutral,uncertain,,,,-0.0895,1.3447,-4.1898,loss_of_function,-1.51095583094354,0.7741463486692063,0.0907657689433519,Benign,0.7547,pathogenic,
A561V,NP_001070666:p.Ala561Val,"hg19,2:g.220087533G>A, hg38,2:g.219222811G>A",,0.0,0.344,"cBioPortal,COSMIC",,,,,,,,,,,False,,,neutral,neutral,neutral,uncertain,,,,-0.0028,2.4175,-5.974,loss_of_function,-1.81855772515975,0.7376494391185734,0.0827499953758173,Benign,0.4997,ambiguous,
I562V,NP_001070666:p.Ile562Val,,,,,clinvar,,,,,,,,,,,False,,,neutral,neutral,neutral,uncertain,2275033,Uncertain significance,1,0.0443,2.5114,-5.6114,gain_of_function,-1.40372300002013,0.7868695048156996,0.0092785598933937,Benign,0.205,benign,
P565L,NP_001070666:p.Pro565Leu,"hg19,2:g.220087521G>A",,,0.561,cBioPortal,,,,,,,,,,,False,,,neutral,neutral,neutral,uncertain,,,,-0.3712,0.0466,-22.0658,loss_of_function,-5.68072539354537,0.27940393831755705,0.969250206050054,Pathogenic,0.9394,pathogenic,
R571C,NP_001070666:p.Arg571Cys,"hg19,2:g.220087504G>A",,,0.127,cBioPortal,,,,,,,,,,,True,,,neutral,neutral,neutral,uncertain,,,,-0.1054,3.3926,-22.002,loss_of_function,-2.32784211871261,0.6772229372128901,0.225937146934718,Benign,0.2078,benign,
R571H,NP_001070666:p.Arg571His,"hg19,2:g.220087503C>T, hg38,2:g.219222781C>T",,4.007662651e-06,0.089,"cBioPortal,COSMIC",,,,,,,,,,,True,,,neutral,neutral,neutral,uncertain,,,,0.0118,3.3926,-6.7142,gain_of_function,-1.8484340445713,0.7341046191815976,0.0015488695133434,Benign,0.1333,benign,
L580V,NP_001070666:p.Leu580Val,"hg38,2:g.219222755G>C",,,0.237,COSMIC,,,,,,,,,,,True,,,neutral,neutral,neutral,uncertain,,,,-0.0862,1.6003,-3.3327,loss_of_function,-0.974820255813142,0.8377587384507106,0.0040133187904391,Benign,0.2248,benign,
Q583H,NP_001070666:p.Gln583His,"hg19,2:g.220087466C>A",,,0.075,cBioPortal,,,,,,,,,,,True,,,neutral,neutral,neutral,uncertain,,,,0.0385,2.6628,-3.737,gain_of_function,-0.123423665929425,0.9387767910601725,0.0064520634726829,Benign,0.2496,benign,
R586W,NP_001070666:p.Arg586Trp,"hg19,2:g.220087459G>A, hg38,2:g.219222737G>A",,1.20245300413e-05,0.383,"cBioPortal,COSMIC",,,,,,,,,,,False,,,neutral,neutral,neutral,uncertain,,,,-0.1869,2.5943,-21.8538,loss_of_function,-2.17818685752017,0.6949795070982421,0.6819445297445782,Pathogenic,0.2524,benign,
A589V,NP_001070666:p.Ala589Val,,,,,clinvar,,,,,,,,,,,True,,,neutral,neutral,neutral,uncertain,2484728,Uncertain significance,1,0.0658,3.0979,-4.7932,gain_of_function,-0.785655258084121,0.8602031314862393,0.0096019189195464,Benign,0.0838,benign,
A591D,NP_001070666:p.Ala591Asp,"hg19,2:g.220087443G>T",,,0.135,cBioPortal,,,,,,,,,,,True,,,neutral,neutral,neutral,uncertain,,,,-0.0387,3.2789,-6.1848,loss_of_function,-0.323270140021179,0.9150650427709605,0.0037773604090198,Benign,0.1726,benign,
S592G,NP_001070666:p.Ser592Gly,"hg19,2:g.220087441T>C, hg38,2:g.219222719T>C",0.0585462190227432,0.0882713625033063,0.037,"cBioPortal,COSMIC",,,,,,,,,,,True,,,uncertain,,,uncertain,,,,0.1261,3.4458,-2.8931,gain_of_function,0.0214819681597248,0.9559698185420237,0.0007568853920744,Benign,0.0536,benign,
A594S,NP_001070666:p.Ala594Ser,"hg19,2:g.220087435C>A, hg38,2:g.219222713C>A",,,0.021,"cBioPortal,COSMIC",,,,,,,,,,,False,,,neutral,neutral,neutral,uncertain,,,,0.1089,3.4623,-3.509,gain_of_function,-0.554631388998624,0.8876140720967809,0.0013585652824436,Benign,0.0673,benign,
G596E,NP_001070666:p.Gly596Glu,"hg19,2:g.220087428C>T, hg38,2:g.219222706C>T",,4.0075984066e-06,0.144,"cBioPortal,COSMIC",,,,,,,,,,,False,,,neutral,neutral,neutral,uncertain,,,,-0.0429,3.378,-4.6949,loss_of_function,-0.872731283897548,0.8498715766489748,,,0.0966,benign,
L598M,NP_001070666:p.Leu598Met,"hg19,2:g.220087423G>T, hg38,2:g.219222701G>T",,,0.032,"cBioPortal,COSMIC",,,,,,,,,,,False,,,neutral,neutral,neutral,uncertain,,,,0.0519,3.0107,-4.2587,gain_of_function,-0.174509509573715,0.9327154648789595,,,0.0897,benign,
P600L,NP_001070666:p.Pro600Leu,"hg19,2:g.220087416G>A, hg38,2:g.219222694G>A",,,0.061,"cBioPortal,COSMIC",,,,,,,,,,,False,,,neutral,neutral,neutral,uncertain,,,,-0.0013,3.1516,-5.5648,loss_of_function,-0.596964240332578,0.8825912868824944,,,0.1611,benign,
P600S,NP_001070666:p.Pro600Ser,,,,,clinvar,,,,,,,,,,,False,,,neutral,neutral,neutral,uncertain,2457148,Uncertain significance,1,0.0619,3.1516,-2.7922,gain_of_function,-0.27317459743177,0.921008869909718,,,0.0871,benign,
A603V,NP_001070666:p.Ala603Val,"hg19,2:g.220087407G>A",,,0.08,cBioPortal,,,,,,,,,,,False,,,neutral,neutral,neutral,uncertain,,,,0.0572,3.0682,-5.9354,gain_of_function,-1.25904191444841,0.8040358896562523,,,0.1096,benign,
L604I,NP_001070666:p.Leu604Ile,"hg19,2:g.220087405G>T",,,0.119,cBioPortal,,,,,,,,,,,False,,,neutral,neutral,neutral,uncertain,,,,0.0293,2.5284,-4.5522,gain_of_function,-0.30233283773803,0.9175492499297279,,,0.1343,benign,
I608V,NP_001070666:p.Ile608Val,"hg19,2:g.220087393T>C",,4.0085301522e-06,0.007,cBioPortal,,,,,,,,,,,False,,,neutral,neutral,neutral,uncertain,,,,0.0625,2.6212,-4.0328,gain_of_function,-1.10358211858692,0.822481166538483,0.0014094738315996,Benign,0.1007,benign,
Q609H,NP_001070666:p.Gln609His,"hg19,2:g.220087388C>A, hg38,2:g.219222666C>A",,,0.065,"cBioPortal,COSMIC",,,,,,,,,,,False,,,neutral,neutral,neutral,uncertain,,,,0.0976,3.2643,-2.99,gain_of_function,-0.43034999835607,0.9023600367946443,0.0017279466629881,Benign,0.1529,benign,
E614K,NP_001070666:p.Glu614Lys,"hg19,2:g.220087375C>T",,,0.18,cBioPortal,,,,,,,,,,,True,,,neutral,neutral,neutral,uncertain,,,,0.0513,3.4479,-7.2094,gain_of_function,-0.615787810297407,0.8803578736839934,0.0082143541342995,Benign,0.3134,benign,
E616D,NP_001070666:p.Glu616Asp,"hg19,2:g.220087367C>A, hg38,2:g.219222645C>A",,,0.13,"cBioPortal,COSMIC",,,,,,,,,,,True,,,neutral,neutral,neutral,uncertain,,,,0.1051,3.2703,-4.5041,gain_of_function,-0.869925804004241,0.8502044463348818,0.0004308306807899,Benign,0.2332,benign,
A626V,NP_001070666:p.Ala626Val,"hg19,2:g.220087144G>A, hg38,2:g.219222422G>A",,,0.047,"cBioPortal,COSMIC",,,,,,,,,,,True,,,neutral,neutral,neutral,uncertain,,,,0.0719,3.0554,-2.8372,gain_of_function,-0.214375171888492,0.9279854111990696,,,0.1213,benign,
S628L,NP_001070666:p.Ser628Leu,"hg19,2:g.220087138G>A, hg38,2:g.219222416G>A",,1.82293802922e-05,0.046,"cBioPortal,COSMIC",,,,,,,,,,,True,,,uncertain,,,uncertain,,,,-0.0253,2.7702,-7.0056,loss_of_function,-1.33009077552951,0.7956059550384578,,,0.1342,benign,
S629F,NP_001070666:p.Ser629Phe,"hg19,2:g.220087135G>A, hg38,2:g.219222413G>A",,,0.089,"cBioPortal,COSMIC",,,,,,,,,,,True,,,uncertain,,,uncertain,,,,0.0178,3.2441,-6.9772,gain_of_function,-1.05999998522884,0.8276521788407526,,,0.1721,benign,
R631Q,NP_001070666:p.Arg631Gln,"hg38,2:g.219222407C>T",,2.21225233835e-05,0.038,COSMIC,,,,,,,,,,,False,,,neutral,neutral,neutral,uncertain,,,,0.0374,3.5755,-4.0179,gain_of_function,-0.675057854362655,0.8733254935914608,,,0.071,benign,
R637G,NP_001070666:p.Arg637Gly,,,,,clinvar,,,,,,,,,,,False,,,neutral,neutral,neutral,uncertain,2248390,Uncertain significance,1,-0.0658,3.0947,-3.6845,loss_of_function,-0.82637584621949,0.8553716410111498,,,0.0623,benign,
D638Y,NP_001070666:p.Asp638Tyr,"hg19,2:g.220087109C>A, hg38,2:g.219222387C>A",,,0.101,"cBioPortal,COSMIC",,,,,,,,,,,False,,,neutral,neutral,neutral,uncertain,,,,-0.0333,3.0757,-7.0874,loss_of_function,-0.790703434663419,0.8596041662409839,,,0.1817,benign,
Q640H,NP_001070666:p.Gln640His,"hg19,2:g.220087101C>A, hg38,2:g.219222379C>A",,,0.104,"cBioPortal,COSMIC",,,,,,,,,,,False,,,neutral,neutral,neutral,uncertain,,,,0.0782,3.1425,-4.6013,gain_of_function,-0.472228536075643,0.897391155809179,,,0.1019,benign,
S642F,NP_001070666:p.Ser642Phe,"hg38,2:g.219222374G>A",,,0.199,COSMIC,,,,,,,,,,P,False,,,???,,uncertain,uncertain,,,,0.0219,3.2224,-5.7813,gain_of_function,-0.668165989447337,0.8741432121269416,,,0.1654,benign,
R643G,NP_001070666:p.Arg643Gly,"hg19,2:g.220087094T>C",,,0.237,cBioPortal,,,,,,,,,,,False,,,neutral,neutral,neutral,uncertain,,,,-0.0157,3.7066,-4.9069,loss_of_function,-0.40900268269415,0.9048928919672274,,,0.0695,benign,
R645M,NP_001070666:p.Arg645Met,"hg19,2:g.220087087C>A, hg38,2:g.219222365C>A",,,0.138,"cBioPortal,COSMIC",,,,,,,,,,,False,,,neutral,neutral,neutral,uncertain,,,,0.0468,3.7038,-5.7495,gain_of_function,-0.211210479365803,0.9283609013989933,,,0.1978,benign,
A649V,NP_001070666:p.Ala649Val,"hg19,2:g.220087075G>A, hg38,2:g.219222353G>A",,0.0,0.142,"cBioPortal,COSMIC",,,,,,,,,,,False,,,neutral,neutral,neutral,uncertain,,,,0.0456,2.8856,-4.9228,gain_of_function,-1.09739208983388,0.8232156123392514,,,0.1874,benign,
L652V,NP_001070666:p.Leu652Val,"hg19,2:g.220087067G>C, hg38,2:g.219222345G>C",,,0.123,"cBioPortal,COSMIC",,,,,,,,,,,True,,,neutral,neutral,neutral,uncertain,,,,-0.0036,2.5487,-4.2479,loss_of_function,-1.00163614889693,0.8345770375483406,,,0.3551,ambiguous,
R653C,NP_001070666:p.Arg653Cys,"hg19,2:g.220087064G>A, hg38,2:g.219222342G>A",,2.42514389187e-05,0.155,"cBioPortal,COSMIC",,,,,,,,,,,True,,,neutral,neutral,neutral,uncertain,,,,-0.0852,2.7832,-7.0552,loss_of_function,-0.0580250137846308,0.9465363294015852,,,0.1883,benign,
R653G,NP_001070666:p.Arg653Gly,"hg19,2:g.220087064G>C, hg38,2:g.219222342G>C",,,0.182,"cBioPortal,COSMIC",,,,,,,,,,,True,,,neutral,neutral,neutral,uncertain,,,,-0.1036,2.7832,-5.4703,loss_of_function,-1.13083347895929,0.8192477975204658,,,0.2113,benign,
R653H,NP_001070666:p.Arg653His,"hg19,2:g.220087063C>T",6.37064407212e-05,6.87401944134e-05,0.1,cBioPortal,,,,,,,,,,,True,,,neutral,neutral,neutral,uncertain,,,,-0.0368,2.7832,-5.2479,loss_of_function,-0.762163180818193,0.8629904622382677,,,0.1437,benign,
P657L,NP_001070666:p.Pro657Leu,"hg19,2:g.220087051G>A, hg38,2:g.219222329G>A",,4.0431811749e-06,0.203,"cBioPortal,COSMIC",,,,,,,,,,,True,,,neutral,neutral,neutral,uncertain,,,,-0.0621,2.5013,-5.7441,loss_of_function,-0.904677585732267,0.8460811536689413,,,0.1891,benign,
P660L,NP_001070666:p.Pro660Leu,"hg19,2:g.220087042G>A",,,0.064,cBioPortal,,,,,,,,,,,False,,,neutral,neutral,neutral,uncertain,,,,0.022,3.389,-5.2641,gain_of_function,-0.316708349751154,0.9158435980090078,,,0.0858,benign,
G661W,NP_001070666:p.Gly661Trp,"hg19,2:g.220087040C>A",,,0.11,cBioPortal,,,,,,,,,,,False,,,neutral,neutral,neutral,uncertain,,,,-0.1929,3.0845,-21.343,loss_of_function,-1.25547617462174,0.8044589640468267,,,0.1472,benign,
A663V,NP_001070666:p.Ala663Val,"hg19,2:g.220087033G>A, hg38,2:g.219222311G>A",6.37145587767e-05,0.0001578909014356,0.017,"cBioPortal,COSMIC,clinvar",,,,,,,,,,,False,,,neutral,neutral,neutral,uncertain,2461634,Likely benign,1,0.1177,3.669,-4.9281,gain_of_function,-0.0424359662908868,0.9483859670893161,,,0.0653,benign,
P664T,NP_001070666:p.Pro664Thr,"hg19,2:g.220087031G>T",,,0.029,cBioPortal,,,,,,,,,,,False,,,neutral,neutral,neutral,uncertain,,,,0.0337,3.143,-5.7708,gain_of_function,-0.07178675472473,0.9449035013085404,,,0.0633,benign,
R667W,NP_001070666:p.Arg667Trp,"hg19,2:g.220087022G>A, hg38,2:g.219222300G>A",,5.66530969011e-05,0.132,"cBioPortal,COSMIC",,,,,,,,,,,True,,,neutral,neutral,neutral,uncertain,,,,-0.103,3.4781,-21.3376,loss_of_function,-1.0578667573334,0.827905285947746,,,0.1142,benign,
A668D,NP_001070666:p.Ala668Asp,"hg19,2:g.220087018G>T, hg38,2:g.219222296G>T",,,0.04,"cBioPortal,COSMIC",,,,,,,,,,,True,,,neutral,neutral,neutral,uncertain,,,,-0.002,3.5858,-4.5183,loss_of_function,-0.318848459611661,0.9155896743580941,,,0.1279,benign,
S670N,NP_001070666:p.Ser670Asn,"hg19,2:g.220087012C>T, hg38,2:g.219222290C>T",,,0.075,"cBioPortal,COSMIC",,,,,,,,,,,True,,,uncertain,,,uncertain,,,,0.0631,3.0503,-5.5495,gain_of_function,-0.0746896635494075,0.9445590716974095,,,0.111,benign,
G674D,NP_001070666:p.Gly674Asp,"hg19,2:g.220087000C>T",,,0.115,cBioPortal,,,,,,,,,,,False,,,neutral,neutral,neutral,uncertain,,,,-0.1066,2.8298,-7.1497,loss_of_function,-0.338919904031052,0.9132082010794863,,,0.3059,benign,
S675C,NP_001070666:p.Ser675Cys,"hg19,2:g.220086997G>C, hg38,2:g.219222275G>C",,,0.101,"cBioPortal,COSMIC",,,,,,,,,,P,False,,,???,,uncertain,uncertain,,,,0.0205,2.9819,-7.1292,gain_of_function,-0.298648397063022,0.9179864081546572,,,0.102,benign,
G676R,NP_001070666:p.Gly676Arg,,,,,clinvar,,,,,,,,,,,False,,,neutral,neutral,neutral,uncertain,2292590,Uncertain significance,1,-0.1121,2.8562,-5.5183,loss_of_function,-0.522707204570488,0.8914018708504922,,,0.5031,ambiguous,
A679V,NP_001070666:p.Ala679Val,"hg19,2:g.220086881G>A, hg38,2:g.219222159G>A",,4.0251491318e-06,0.108,"cBioPortal,COSMIC",,,,,,,,,,,False,,,neutral,neutral,neutral,uncertain,,,,0.0776,3.2547,-5.3168,gain_of_function,-0.797978441458099,0.8587409879902704,,,0.1463,benign,
A682G,NP_001070666:p.Ala682Gly,"hg19,2:g.220086872G>C, hg38,2:g.219222150G>C",,,0.037,"cBioPortal,COSMIC",,,,,,,,,,,True,,,neutral,neutral,neutral,uncertain,,,,0.0855,3.5785,-4.5443,gain_of_function,-0.379316448817599,0.9084151582895859,,,0.1157,benign,
E690K,NP_001070666:p.Glu690Lys,"hg19,2:g.220086849C>T",,,0.234,cBioPortal,,,,,,,,,,,False,,,neutral,neutral,neutral,uncertain,,,,-0.0397,2.4959,-7.8764,loss_of_function,-1.09537165786956,0.8234553362292584,,,0.6976,pathogenic,
S707N,NP_001070666:p.Ser707Asn,"hg38,2:g.219222075C>T",,4.0141619634e-06,0.162,COSMIC,,,,,,,,,,,False,,,uncertain,,,uncertain,,,,-0.1362,0.8736,-5.3424,loss_of_function,-2.00054438020961,0.7160567551537979,,,0.8486,pathogenic,
L711I,NP_001070666:p.Leu711Ile,"hg19,2:g.220086786G>T",,,0.108,cBioPortal,,,,,,,,,,,False,,,neutral,neutral,neutral,uncertain,,,,-0.0824,1.1628,-1.8099,loss_of_function,-0.725162331361632,0.8673806063866113,,,0.1546,benign,
M713I,NP_001070666:p.Met713Ile,"hg19,2:g.220086778C>T",,,0.089,cBioPortal,,,,,,,,,,,True,,,neutral,neutral,neutral,uncertain,,,,-0.0838,1.5072,-3.3275,loss_of_function,-0.402666322873053,0.9056446999229623,,,0.639,pathogenic,
L716V,NP_001070666:p.Leu716Val,"hg19,2:g.220086024G>C",,,0.083,cBioPortal,,,,,,,,,,,False,,,neutral,neutral,neutral,uncertain,,,,-0.1014,1.4269,-3.1983,loss_of_function,-0.336755338181146,0.9134650264291535,,,0.1164,benign,
A721D,NP_001070666:p.Ala721Asp,"hg38,2:g.219221286G>T",,,0.206,COSMIC,,,,,,,,,,,False,,,neutral,neutral,neutral,uncertain,,,,-0.144,2.9604,-21.0756,loss_of_function,-1.00169558918652,0.8345699849686471,,,0.2513,benign,
A721G,NP_001070666:p.Ala721Gly,"hg19,2:g.220086008G>C",,,0.108,cBioPortal,,,,,,,,,,,False,,,neutral,neutral,neutral,uncertain,,,,0.0222,2.9604,-5.7879,gain_of_function,-1.13228667559352,0.8190753760005858,,,0.0814,benign,
P725L,NP_001070666:p.Pro725Leu,"hg19,2:g.220085996G>A",,,0.099,cBioPortal,,,,,,,,,,,False,,,neutral,neutral,neutral,uncertain,,,,-0.011,2.8459,-1.9532,loss_of_function,-0.0467774729815346,0.9478708480995394,,,0.1018,benign,
