Mutation,HGVSp,HGVSg,gnomAD genome allele frequency,gnomAD exome allele frequency,REVEL score,Mutation sources,"Stability (FoldX5, alphafold, kcal/mol)","Stability (Rosetta Cartddg2020, alphafold, kcal/mol)","Stability (RaSP, alphafold, kcal/mol)","Stability classification, alphafold, (Rosetta, FoldX)","Stability classification, alphafold, (RaSP, FoldX)",EFoldMine - part of early folding region,EFoldMine score,"Local Int. (Binding with ATG2A_AFexp, heterodimer, FoldX5, kcal/mol)","Local Int. (Binding with ATG2A_AFexp, heterodimer, Rosetta Talaris 2014, kcal/mol)",Local Int. classification (ATG2A_AFexp),"Local Int. (Binding with ATG9A_7JLP_AB, homodimer, FoldX5, kcal/mol)","Local Int. (Binding with ATG9A_7JLP_AC, homodimer, FoldX5, kcal/mol)","Local Int. (Binding with ATG9A_7JLP_AB, homodimer, Rosetta Talaris 2014, kcal/mol)","Local Int. (Binding with ATG9A_7JLP_AC, homodimer, Rosetta Talaris 2014, kcal/mol)",Local Int. classification (ATG9A_7JLP_AB),Local Int. classification (ATG9A_7JLP_AC),Relative Side Chain Solvent Accessibility in wild-type,PTMs,is site part of phospho-SLiM,PTM residue SASA (%),"Change in stability with PTM (FoldX5, kcal/mol)",PTM effect in regulation,PTM effect in stability,PTM effect in function,AlloSigma2 mutation type,AlloSigma2 predicted consequence - pockets and interfaces,ClinVar Variation ID,ClinVar Interpretation,ClinVar Review Status,AlphaFold2 model pLDDT score,AlphaFold2 model secondary structure,DeMaSk delta fitness,DeMaSk Shannon entropy,DeMaSk log2 variant frequency,DeMaSk predicted consequence,GEMME Score,GEMME Score (rank-normalized),EVE score,EVE classification (25% Uncertain),AlphaMissense pathogenicity score,AlphaMissense classification,References
L43H,NP_001070666:p.Leu43His,"hg19,2:g.220092511A>T",,,0.885,"cBioPortal,saturation",3.05075,3.07925,2.1871522056354022,Destabilizing,Uncertain,False,0.028,,,,,,,,,,9.9,,True,9.9,,neutral,neutral,neutral,DOWN,neutral,,,,89.0,H,-0.4244,0.3886,-21.8951,loss_of_function,-6.21021951418098,0.21657955592007275,0.976261252952476,Pathogenic,0.9985,pathogenic,https://doi.org/10.1101/2022.10.22.513328
R49Q,NP_001070666:p.Arg49Gln,"hg19,2:g.220092493C>T, hg38,2:g.219227771C>T",,1.20210608987e-05,0.533,"cBioPortal,COSMIC,saturation",0.62882,0.82449,1.7081099021521884,Neutral,Neutral,False,0.065,,,,,,,,,,16.9,,True,16.9,,neutral,neutral,neutral,DOWN,neutral,,,,95.79,H,-0.1318,1.8245,-5.6036,loss_of_function,-1.11860305705209,0.8206989348850473,0.0895081837904386,Benign,0.6505,pathogenic,https://doi.org/10.1101/2022.10.22.513328
V50I,NP_001070666:p.Val50Ile,"hg19,2:g.220091655C>T, hg38,2:g.219226933C>T",,8.0154537949e-06,0.084,"cBioPortal,COSMIC,saturation",0.97337,0.01871,0.7626444198317944,Neutral,Neutral,False,0.096,,,,,,,,,,0.1,,True,0.1,,neutral,neutral,neutral,UP,neutral,,,,96.06,H,-0.0189,1.7583,-1.4928,loss_of_function,-0.0117148522365229,0.9520310217590663,0.0005172989661901,Benign,0.0833,benign,https://doi.org/10.1101/2022.10.22.513328
K56N,NP_001070666:p.Lys56Asn,"hg19,2:g.220091635C>A, hg38,2:g.219226913C>A",,,0.434,"cBioPortal,COSMIC,saturation",0.38425,-0.23095,0.2204990256325756,Neutral,Neutral,False,0.009,,,Uncertain,,-0.03622,,-0.17583,Uncertain,Neutral,54.3,,False,54.3,,neutral,neutral,neutral,DOWN,neutral,,,,95.49,T,-0.0416,2.2121,-3.5073,loss_of_function,-1.16365304632641,0.8153537617417175,0.0037628333458458,Benign,0.7883,pathogenic,https://doi.org/10.1101/2022.10.22.513328
D90G,NP_001070666:p.Asp90Gly,"hg38,2:g.219225516T>C",,,0.77,"COSMIC,saturation",1.3275,1.42211,0.9491765438665196,Neutral,Neutral,False,0.117,,,Uncertain,,-0.16442,,0.01264,Uncertain,Neutral,70.8,,False,70.8,,neutral,neutral,neutral,DOWN,neutral,,,,89.78,H,-0.0585,2.35,-5.5546,loss_of_function,-1.84314858911105,0.7347317375234991,0.0573249982497664,Benign,0.3843,ambiguous,https://doi.org/10.1101/2022.10.22.513328
H103D,NP_001070666:p.His103Asp,"hg38,2:g.219225478G>C",,4.0069239646e-06,0.279,"COSMIC,saturation",-1.22371,1.81871,0.5901562219114883,Neutral,Neutral,False,0.01,,,Uncertain,,0.41156,,0.62384,Uncertain,Neutral,85.8,,False,85.8,,neutral,neutral,neutral,DOWN,neutral,,,,47.61,-,0.0528,3.3993,-5.717,gain_of_function,-1.24683028209839,0.805484797643246,,,0.1129,benign,https://doi.org/10.1101/2022.10.22.513328
H103N,NP_001070666:p.His103Asn,"hg19,2:g.220090200G>T, hg38,2:g.219225478G>T",,,0.136,"cBioPortal,COSMIC,saturation",-1.1786,0.53367,0.337936905421185,Neutral,Neutral,False,0.01,,,Uncertain,,0.14272,,0.28438,Uncertain,Neutral,85.8,,False,85.8,,neutral,neutral,neutral,DOWN,neutral,,,,47.61,-,0.1084,3.3993,-2.7535,gain_of_function,-0.485079169739396,0.8958664304309776,,,0.0754,benign,https://doi.org/10.1101/2022.10.22.513328
P104S,NP_001070666:p.Pro104Ser,"hg19,2:g.220090197G>A, hg38,2:g.219225475G>A",,,0.059,"cBioPortal,COSMIC,saturation",0.43089,1.69864,-0.4059264505127952,Neutral,Neutral,False,0.008,,,Uncertain,-0.01154,0.171,-0.00389,0.31554,Neutral,Neutral,85.5,,False,85.5,,neutral,neutral,neutral,DOWN,neutral,,,,50.9,T,0.0491,3.089,-4.1646,gain_of_function,-0.252395110007947,0.9234743523637458,,,0.0706,benign,https://doi.org/10.1101/2022.10.22.513328
P107L,NP_001070666:p.Pro107Leu,"hg38,2:g.219225465G>A",,,0.151,"COSMIC,saturation",0.05699,0.42143,-1.0498460793257958,Neutral,Neutral,False,0.008,,,Uncertain,-0.0663,-0.85298,0.06785,-0.31053,Neutral,Neutral,99.1,,False,99.1,,neutral,neutral,neutral,UP,stabilizing,,,,55.47,-,0.0052,3.267,-6.3575,gain_of_function,-0.233012737603646,0.9257740673714148,,,0.1138,benign,https://doi.org/10.1101/2022.10.22.513328
P107T,NP_001070666:p.Pro107Thr,"hg19,2:g.220090188G>T, hg38,2:g.219225466G>T",,,0.191,"cBioPortal,COSMIC,saturation",0.71887,1.49796,-0.5942225536735518,Neutral,Neutral,False,0.008,,,Uncertain,0.31194,-0.15082,-0.16332,-0.01244,Neutral,Neutral,99.1,,False,99.1,,neutral,neutral,neutral,-,uncertain,,,,55.47,-,0.0574,3.267,-3.3576,gain_of_function,-0.206875001436827,0.9288753050772794,,,0.0701,benign,https://doi.org/10.1101/2022.10.22.513328
V108I,NP_001070666:p.Val108Ile,"hg19,2:g.220090185C>T, hg38,2:g.219225463C>T",3.1847133758e-05,2.40448195436e-05,0.059,"cBioPortal,COSMIC,saturation",-0.04385,0.02823,-0.0758854240638029,Neutral,Neutral,False,0.022,,,Uncertain,0.00058,-0.3797,-0.10182,-0.00673,Neutral,Neutral,62.9,,False,62.9,,neutral,neutral,neutral,UP,stabilizing,,,,68.04,-,0.1113,3.3141,-4.0312,gain_of_function,-0.0035705793361887,0.9529973382772285,,,0.0762,benign,https://doi.org/10.1101/2022.10.22.513328
A115T,NP_001070666:p.Ala115Thr,"hg19,2:g.220090164C>T, hg38,2:g.219225442C>T",,4.0089801155e-06,0.519,"cBioPortal,COSMIC,saturation,clinvar",-0.33946,1.96122,0.7336506067583622,Neutral,Neutral,False,0.008,,,,,-0.03972,,-0.09936,,Neutral,0.4,,False,0.4,,neutral,neutral,neutral,UP,stabilizing,2270697,Uncertain significance,1,88.56,G,-0.0897,1.6575,-8.7003,loss_of_function,-1.44033444821322,0.7825255630573902,0.0566710162581848,Benign,0.7742,pathogenic,https://doi.org/10.1101/2022.10.22.513328
A119T,NP_001070666:p.Ala119Thr,"hg19,2:g.220090152C>T",,4.0103949437e-06,0.102,"cBioPortal,saturation",0.39588,0.27925,-0.0655567829109282,Neutral,Neutral,False,0.032,,,Uncertain,,,,,Uncertain,Uncertain,97.8,,False,97.8,,neutral,neutral,neutral,UP,neutral,,,,93.26,H,0.1104,3.5314,-3.2766,gain_of_function,-0.409306666738523,0.9048568243149115,,,0.0734,benign,https://doi.org/10.1101/2022.10.22.513328
V121I,NP_001070666:p.Val121Ile,"hg19,2:g.220090146C>T",,,0.218,"cBioPortal,saturation",-0.40223,0.23912,-0.2920401804860001,Neutral,Neutral,False,0.064,,,Uncertain,,,,,Uncertain,Uncertain,63.0,,False,63.0,,neutral,neutral,neutral,UP,stabilizing,,,,93.99,H,0.0392,2.598,-5.2593,gain_of_function,-0.378024132075963,0.908568491439079,0.2734697148758327,Benign,0.0868,benign,https://doi.org/10.1101/2022.10.22.513328
C122Y,NP_001070666:p.Cys122Tyr,"hg19,2:g.220090142C>T, hg38,2:g.219225420C>T",,,0.75,"cBioPortal,COSMIC,saturation",6.51518,0.0,-0.4716721438231724,Uncertain,Uncertain,False,0.084,,,,,,,,,,3.5,,False,3.5,,neutral,neutral,neutral,UP,neutral,,,,94.57,H,-0.3539,0.7904,-8.6793,loss_of_function,-4.36895929109087,0.435044750981789,0.8118410994057413,Pathogenic,0.992,pathogenic,https://doi.org/10.1101/2022.10.22.513328
S123G,NP_001070666:p.Ser123Gly,,,,,"saturation,clinvar",0.52463,0.84456,0.6004995335977698,Neutral,Neutral,False,0.065,,,Uncertain,,,,,Uncertain,Uncertain,63.4,,False,63.4,,uncertain,,,DOWN,neutral,,,,93.8,H,0.091,3.2553,-6.3398,gain_of_function,-1.27657912621504,0.801955102627135,0.1067981608614566,Benign,0.0775,benign,https://doi.org/10.1101/2022.10.22.513328
A124V,NP_001070666:p.Ala124Val,"hg38,2:g.219225414G>A",,,0.098,"COSMIC,saturation",0.57526,-0.14116,-0.1436175454520627,Neutral,Neutral,False,0.044,,,Uncertain,,,,,Uncertain,Uncertain,64.4,,False,64.4,,neutral,neutral,neutral,UP,neutral,,,,94.23,H,0.0291,2.9136,-8.6545,gain_of_function,-2.28175550857225,0.6826911052359573,0.0246148317852217,Benign,0.1106,benign,https://doi.org/10.1101/2022.10.22.513328
E128D,NP_001070666:p.Glu128Asp,"hg38,2:g.219225203T>G",,,0.049,"COSMIC,saturation",0.64324,0.22687,0.3388059530286075,Neutral,Neutral,False,0.009,,,Uncertain,,,,,Uncertain,Uncertain,90.5,,False,90.5,,neutral,neutral,neutral,DOWN,neutral,,,,93.76,H,0.1408,3.5418,-2.3867,gain_of_function,-0.192103691813735,0.9306279183133978,,,0.0795,benign,https://doi.org/10.1101/2022.10.22.513328
E159D,NP_001070666:p.Glu159Asp,"hg38,2:g.219225110C>A",,,0.306,"COSMIC,saturation",0.52013,0.44286,0.7703166047884349,Neutral,Neutral,False,0.15,,,Uncertain,,,,,Uncertain,Uncertain,62.1,,False,62.1,,neutral,neutral,neutral,DOWN,neutral,,,,93.03,H,-0.04,1.5259,-1.475,loss_of_function,-1.00538014673808,0.8341328128763359,0.004376230860415,Benign,0.6001,pathogenic,https://doi.org/10.1101/2022.10.22.513328
L168P,NP_001070666:p.Leu168Pro,,,,,"saturation,clinvar",4.78125,8.79728,8.626798116838254,Destabilizing,Destabilizing,False,0.166,-0.03131,7.20929,Uncertain,,,,,,,0.0,,False,0.0,,neutral,neutral,neutral,DOWN,neutral,2308254,Uncertain significance,1,92.86,S,-0.4967,0.0586,-22.0789,loss_of_function,-7.41341407079031,0.07382073768757322,0.985803446100768,Pathogenic,0.9977,pathogenic,https://doi.org/10.1101/2022.10.22.513328
R169C,NP_001070666:p.Arg169Cys,"hg19,2:g.220089804G>A, hg38,2:g.219225082G>A",,,0.166,"cBioPortal,COSMIC,saturation",1.65499,1.43401,1.1322563448727432,Neutral,Neutral,False,0.067,,,Uncertain,,,,,Uncertain,Uncertain,67.2,,True,67.2,,neutral,neutral,neutral,DOWN,neutral,,,,93.95,-,-0.2006,2.3619,-22.0821,loss_of_function,-2.30167658044635,0.6803274736328644,0.0498920254651496,Benign,0.1758,benign,https://doi.org/10.1101/2022.10.22.513328
R169H,NP_001070666:p.Arg169His,"hg19,2:g.220089803C>T, hg38,2:g.219225081C>T",0.0010510893107402,0.0003125876648098,0.073,"cBioPortal,COSMIC,saturation",1.09404,0.3949,0.2106719177887633,Neutral,Neutral,False,0.067,,,Uncertain,,,,,Uncertain,Uncertain,67.2,,True,67.2,,neutral,neutral,neutral,DOWN,neutral,,,,93.95,-,-0.0635,2.3619,-2.8875,loss_of_function,-1.03528474805815,0.8305846372959893,0.0003768375332195,Benign,0.0669,benign,https://doi.org/10.1101/2022.10.22.513328
P176L,NP_001070666:p.Pro176Leu,"hg19,2:g.220089566G>A, hg38,2:g.219224844G>A",,8.1199808368e-06,0.128,"cBioPortal,COSMIC,saturation",2.1175,-0.67925,-0.6490619138848475,Uncertain,Uncertain,False,0.018,,,Uncertain,,-1.03816,,-0.50483,Uncertain,Uncertain,28.4,,True,28.4,,neutral,neutral,neutral,UP,neutral,,,,93.06,T,-0.0128,3.0783,-6.4854,loss_of_function,-2.05106159342252,0.7100628968712293,0.0130069476266283,Benign,0.5352,ambiguous,https://doi.org/10.1101/2022.10.22.513328
Y177C,NP_001070666:p.Tyr177Cys,"hg19,2:g.220089563T>C",,,0.101,"cBioPortal,saturation",0.58306,2.68537,2.258010547980112,Uncertain,Uncertain,False,0.025,,,Uncertain,,1.41128,,1.87635,Uncertain,Destabilizing,73.1,,True,73.1,,uncertain,,,DOWN,neutral,,,,92.08,T,-0.1637,2.0703,-8.8072,loss_of_function,-2.77482000829565,0.6241890908225343,0.0145623916411722,Benign,0.1453,benign,https://doi.org/10.1101/2022.10.22.513328
E182D,NP_001070666:p.Glu182Asp,"hg19,2:g.220089547T>G, hg38,2:g.219224825T>G",,,0.183,"cBioPortal,COSMIC,saturation",0.75425,1.16054,0.5364491510257587,Neutral,Neutral,False,0.031,0.43727,-1.2194,Uncertain,,0.07178,,0.87811,Uncertain,Neutral,41.2,,True,41.2,,neutral,neutral,neutral,DOWN,neutral,,,,91.86,H,-0.0824,1.1738,-3.4437,loss_of_function,-1.48889055527275,0.7767643896680063,0.0072323017329338,Benign,0.2311,benign,https://doi.org/10.1101/2022.10.22.513328
E182V,NP_001070666:p.Glu182Val,"hg19,2:g.220089548T>A",,,0.658,"cBioPortal,saturation",1.75863,0.68163,0.0389007677927494,Neutral,Neutral,False,0.031,0.3273,0.1358,Neutral,,0.10978,,0.90099,Uncertain,Neutral,41.2,,True,41.2,,neutral,neutral,neutral,-,uncertain,,,,91.86,H,-0.1575,1.1738,-8.8359,loss_of_function,-4.00839574507133,0.47782555101509744,0.7892965202538835,Pathogenic,0.7789,pathogenic,https://doi.org/10.1101/2022.10.22.513328
V183M,NP_001070666:p.Val183Met,"hg19,2:g.220089546C>T",,,0.573,"cBioPortal,saturation",0.25441,2.30714,0.93657320024788,Uncertain,Neutral,False,0.055,0.09748,-0.00923,Neutral,,,,,,,0.0,,True,0.0,,neutral,neutral,neutral,UP,neutral,,,,94.64,H,-0.2366,0.6051,-8.8359,loss_of_function,-0.860461613805707,0.851327370803621,0.959296173228382,Pathogenic,0.9332,pathogenic,https://doi.org/10.1101/2022.10.22.513328
R186Q,NP_001070666:p.Arg186Gln,"hg19,2:g.220089536C>T, hg38,2:g.219224814C>T",,4.016161032e-06,0.351,"cBioPortal,COSMIC,saturation",0.50036,1.39626,1.291591368934199,Neutral,Neutral,False,0.056,-0.67178,1.51226,Uncertain,,,,,Uncertain,Uncertain,54.0,,True,54.0,,neutral,neutral,neutral,DOWN,neutral,,,,92.47,H,-0.2153,1.0081,-7.2479,loss_of_function,-3.35311882567559,0.555574039914173,0.3915537422356385,Uncertain,0.1567,benign,https://doi.org/10.1101/2022.10.22.513328
V188M,NP_001070666:p.Val188Met,"hg19,2:g.220089531C>T, hg38,2:g.219224809C>T",3.18613394507e-05,1.20441296912e-05,0.188,"cBioPortal,COSMIC,saturation",0.11477,0.49796,0.8870272152519434,Neutral,Neutral,False,0.061,-0.53491,-1.18895,Uncertain,,,,,Uncertain,Uncertain,28.4,,True,28.4,,neutral,neutral,neutral,UP,neutral,,,,89.94,H,-0.0323,2.6146,-5.0255,loss_of_function,-0.966804681420348,0.8387097849140478,0.0009736416182406,Benign,0.3071,benign,https://doi.org/10.1101/2022.10.22.513328
T190M,NP_001070666:p.Thr190Met,"hg38,2:g.219224802G>A",,8.0245229421e-06,0.161,"COSMIC,saturation",0.2398,0.97687,0.1496692292369222,Neutral,Neutral,False,0.018,0.05299,-1.03167,Uncertain,,,,,,,5.0,,True,5.0,,uncertain,,,UP,neutral,,,,86.19,H,-0.0659,2.4056,-6.5109,loss_of_function,-1.03710490121632,0.8303686764503927,0.0001380413430885,Benign,0.0805,benign,https://doi.org/10.1101/2022.10.22.513328
E193K,NP_001070666:p.Glu193Lys,"hg19,2:g.220089516C>T, hg38,2:g.219224794C>T",,,0.167,"cBioPortal,COSMIC,saturation",-0.32437,0.31122,0.9394999545393972,Neutral,Neutral,False,0.009,-0.05719,-0.9475,Neutral,,,,,Uncertain,Uncertain,48.4,,True,48.4,,neutral,neutral,neutral,UP,neutral,,,,79.26,H,-0.0707,1.9795,-4.6406,loss_of_function,-2.3524239773867,0.6743063040923408,0.0386098316886253,Benign,0.4202,ambiguous,https://doi.org/10.1101/2022.10.22.513328
H194R,NP_001070666:p.His194Arg,"hg19,2:g.220089512T>C, hg38,2:g.219224790T>C",,,0.141,"cBioPortal,COSMIC,saturation",-0.19209,2.85272,0.4112890750806414,Uncertain,Neutral,False,0.022,,,Uncertain,,,,,Uncertain,Uncertain,31.0,,True,31.0,,neutral,neutral,neutral,UP,neutral,,,,71.7,H,-0.0395,2.4497,-8.8168,loss_of_function,-2.90087540074943,0.6092326411281075,0.1386970942004683,Benign,0.4837,ambiguous,https://doi.org/10.1101/2022.10.22.513328
L206V,NP_001070666:p.Leu206Val,"hg19,2:g.220089477G>C",,,0.261,"cBioPortal,saturation",2.35523,1.90952,1.1559823365129764,Uncertain,Uncertain,False,0.021,,,,,,,,,,16.3,,True,16.3,,neutral,neutral,neutral,DOWN,neutral,,,,93.16,H,-0.2066,0.5974,-8.8516,loss_of_function,-2.9587960673497,0.6023603644296533,0.8867990268304395,Pathogenic,0.6732,pathogenic,https://doi.org/10.1101/2022.10.22.513328
R211H,NP_001070666:p.Arg211His,"hg19,2:g.220089461C>T",,4.0072450991e-06,0.665,"cBioPortal,saturation,clinvar",1.64502,0.31429,1.2317581892789145,Neutral,Neutral,True,0.188,,,,,,,,,,4.8,,True,4.8,,neutral,neutral,neutral,DOWN,neutral,2382168,Uncertain significance,1,93.66,H,-0.3771,0.0223,-22.1426,loss_of_function,-7.81187982284255,0.02654284770990771,0.9835750359549278,Pathogenic,0.9788,pathogenic,https://doi.org/10.1101/2022.10.22.513328
R214H,NP_001070666:p.Arg214His,"hg19,2:g.220089452C>T, hg38,2:g.219224730C>T",,,0.663,"cBioPortal,COSMIC,saturation",7.07828,2.95578,1.5116525528911018,Uncertain,Uncertain,False,0.103,,,,,,,,,,2.1,,True,2.1,,neutral,neutral,neutral,DOWN,neutral,,,,96.35,H,-0.3771,0.0223,-22.1457,loss_of_function,-7.9492473676843,0.010244213164575851,0.9883972165069888,Pathogenic,0.9852,pathogenic,https://doi.org/10.1101/2022.10.22.513328
R214S,NP_001070666:p.Arg214Ser,"hg19,2:g.220089453G>T",,,0.648,"cBioPortal,saturation",5.83672,3.28299,2.31562207791556,Destabilizing,Uncertain,False,0.103,,,,,,,,,,2.1,,True,2.1,,neutral,neutral,neutral,DOWN,neutral,,,,96.35,H,-0.4079,0.0223,-22.1457,loss_of_function,-7.9492473676843,0.010244213164575851,0.9768544148955898,Pathogenic,0.9992,pathogenic,https://doi.org/10.1101/2022.10.22.513328
M219I,NP_001070666:p.Met219Ile,"hg19,2:g.220089436C>A, hg38,2:g.219224714C>A",,,0.166,"cBioPortal,COSMIC,saturation",1.43846,0.26565,1.174253905928532,Neutral,Neutral,False,0.082,,,,,,,,,,0.2,,False,0.2,,neutral,neutral,neutral,-,uncertain,,,,97.67,H,-0.0485,2.1101,-7.2854,loss_of_function,-1.36699355026309,0.7912274474383968,0.1735824297370055,Benign,0.6643,pathogenic,https://doi.org/10.1101/2022.10.22.513328
V220A,NP_001070666:p.Val220Ala,"hg38,2:g.219224712A>G",,,0.476,"COSMIC,saturation",1.3753,1.69184,1.6724010413966512,Neutral,Neutral,False,0.127,,,,,,,,,,2.5,,False,2.5,,neutral,neutral,neutral,DOWN,neutral,,,,97.4,H,-0.2054,0.8399,-8.864,loss_of_function,-5.4649872146634,0.30500123452841565,0.9693771141649165,Pathogenic,0.9101,pathogenic,https://doi.org/10.1101/2022.10.22.513328
V223A,NP_001070666:p.Val223Ala,"hg19,2:g.220089425A>G, hg38,2:g.219224703A>G",,,0.298,"cBioPortal,COSMIC,saturation",1.72755,2.46905,2.1599169793245374,Uncertain,Uncertain,False,0.065,0.00152,0.01933,Neutral,,,,,,,0.5,,False,0.5,,neutral,neutral,neutral,DOWN,neutral,,,,96.16,H,-0.0724,1.9851,-3.441,loss_of_function,-1.73848040981699,0.7471505982143882,0.0791501728782151,Benign,0.8257,pathogenic,https://doi.org/10.1101/2022.10.22.513328
V223F,NP_001070666:p.Val223Phe,"hg19,2:g.220089426C>A, hg38,2:g.219224704C>A",,,0.337,"cBioPortal,COSMIC,saturation",1.19727,1.59864,0.0117548868226763,Neutral,Neutral,False,0.065,-0.00142,-0.16091,Neutral,,,,,,,0.5,,False,0.5,,neutral,neutral,neutral,UP,neutral,,,,96.16,H,-0.153,1.9851,-4.1124,loss_of_function,-1.87512619869082,0.7309375998851334,0.1035141388406483,Benign,0.7581,pathogenic,https://doi.org/10.1101/2022.10.22.513328
V223L,NP_001070666:p.Val223Leu,"hg19,2:g.220089426C>G, hg38,2:g.219224704C>G",,,0.181,"cBioPortal,COSMIC,saturation",-1.96921,0.73741,0.0134116605603856,Neutral,Neutral,False,0.065,0.00074,-0.18068,Neutral,,,,,,,0.5,,False,0.5,,neutral,neutral,neutral,UP,neutral,,,,96.16,H,-0.0926,1.9851,-7.2823,loss_of_function,-1.670074473968,0.7552669502276568,0.233919439474997,Benign,0.7034,pathogenic,https://doi.org/10.1101/2022.10.22.513328
L228P,NP_001070666:p.Leu228Pro,"hg19,2:g.220089410A>G, hg38,2:g.219224688A>G",,,0.749,"cBioPortal,COSMIC,saturation",4.49469,6.9585,8.254728484423914,Destabilizing,Destabilizing,False,0.062,,,,,,,,,,0.3,,False,0.3,,neutral,neutral,neutral,DOWN,neutral,,,,95.84,S,-0.4498,0.5731,-22.1581,loss_of_function,-5.88614767726878,0.2550306212161092,0.9151911019809617,Pathogenic,0.985,pathogenic,https://doi.org/10.1101/2022.10.22.513328
P229H,NP_001070666:p.Pro229His,"hg19,2:g.220089407G>T, hg38,2:g.219224685G>T",,,0.506,"cBioPortal,COSMIC,saturation",6.90241,2.66122,-0.1618202419082176,Uncertain,Uncertain,False,0.072,,,,,,,,,,11.0,,False,11.0,,neutral,neutral,neutral,UP,neutral,,,,94.86,-,-0.2423,0.5515,-7.8703,loss_of_function,-4.4125810067244,0.4298690422496401,0.8529498781524455,Pathogenic,0.9884,pathogenic,https://doi.org/10.1101/2022.10.22.513328
P229S,NP_001070666:p.Pro229Ser,"hg19,2:g.220089408G>A",,,0.4,"cBioPortal,saturation",3.0895,2.80272,0.4139970965474765,Uncertain,Uncertain,False,0.072,,,,,,,,,,11.0,,False,11.0,,neutral,neutral,neutral,DOWN,neutral,,,,94.86,-,-0.1941,0.5515,-6.063,loss_of_function,-3.50837267850687,0.537153198135521,0.2801518072219491,Benign,0.9558,pathogenic,https://doi.org/10.1101/2022.10.22.513328
L230V,NP_001070666:p.Leu230Val,"hg19,2:g.220089405G>C",,,0.108,"cBioPortal,saturation",2.59241,1.26327,1.1347132375730566,Uncertain,Uncertain,False,0.091,,,,,,,,,,4.4,,False,4.4,,neutral,neutral,neutral,DOWN,neutral,,,,95.41,-,0.0078,2.5134,-1.3754,gain_of_function,-0.235938890148949,0.9254268798970028,0.000194487180697,Benign,0.0916,benign,https://doi.org/10.1101/2022.10.22.513328
R231C,NP_001070666:p.Arg231Cys,"hg19,2:g.220089402G>A, hg38,2:g.219224680G>A",,8.0139763748e-06,0.343,"cBioPortal,COSMIC,saturation",1.05877,0.81905,1.7200147270994337,Neutral,Neutral,False,0.097,,,Uncertain,,,,,Uncertain,Uncertain,54.8,,False,54.8,,neutral,neutral,neutral,DOWN,neutral,,,,94.04,E,-0.1364,2.2709,-7.8672,loss_of_function,-1.26344791722273,0.8035131182177215,0.6529418851750115,Uncertain,0.2713,benign,https://doi.org/10.1101/2022.10.22.513328
R231H,NP_001070666:p.Arg231His,"hg38,2:g.219224679C>T",9.5529231945e-05,0.0001041833627184,0.163,"COSMIC,saturation,clinvar",2.04186,0.97993,0.7170260945180281,Uncertain,Uncertain,False,0.097,,,Uncertain,,,,,Uncertain,Uncertain,54.8,,False,54.8,,neutral,neutral,neutral,DOWN,neutral,2374201,Uncertain significance,1,94.04,E,-0.0787,2.2709,-4.2234,loss_of_function,-1.02553798561058,0.8317410889113699,0.0141495684119651,Benign,0.1104,benign,https://doi.org/10.1101/2022.10.22.513328
R231P,NP_001070666:p.Arg231Pro,"hg38,2:g.219224679C>G",,,0.282,"COSMIC,saturation",1.41988,3.16599,3.910151567938117,Uncertain,Uncertain,False,0.097,,,Uncertain,,,,,Uncertain,Uncertain,54.8,,False,54.8,,neutral,neutral,neutral,DOWN,neutral,,,,94.04,E,-0.3426,2.2709,-22.155,loss_of_function,-2.9354262597839,0.6051331879037026,0.4945245584427862,Uncertain,0.5876,pathogenic,https://doi.org/10.1101/2022.10.22.513328
R233C,NP_001070666:p.Arg233Cys,"hg19,2:g.220089396G>A, hg38,2:g.219224674G>A",,1.20208682272e-05,0.169,"cBioPortal,COSMIC,saturation",0.49291,0.16463,1.2422151563632082,Neutral,Neutral,False,0.067,,,Uncertain,,,,,Uncertain,Uncertain,78.5,,False,78.5,,neutral,neutral,neutral,DOWN,neutral,,,,93.94,E,-0.0467,3.1732,-6.5453,loss_of_function,-0.505119793573497,0.8934886140092837,0.0317484638451128,Benign,0.1302,benign,https://doi.org/10.1101/2022.10.22.513328
R233H,NP_001070666:p.Arg233His,"hg38,2:g.219224673C>T",,2.40423144735e-05,0.037,"COSMIC,saturation",0.29089,-0.29048,0.0933929470481698,Neutral,Neutral,False,0.067,,,Uncertain,,,,,Uncertain,Uncertain,78.5,,False,78.5,,neutral,neutral,neutral,DOWN,neutral,,,,93.94,E,0.0092,3.1732,-3.2526,gain_of_function,-0.23032312399021,0.9260931895440069,0.0062632194680349,Benign,0.0702,benign,https://doi.org/10.1101/2022.10.22.513328
A240S,NP_001070666:p.Ala240Ser,"hg38,2:g.219224653C>A",,,0.119,"COSMIC,saturation",0.77148,0.66769,1.482895743922518,Neutral,Neutral,False,0.044,,,Uncertain,,,,,Uncertain,Uncertain,28.4,,True,28.4,,neutral,neutral,neutral,-,uncertain,,,,92.55,E,0.0881,3.2673,-4.063,gain_of_function,-0.2637428044102,0.9221279504592238,8.956744725934626e-05,Benign,0.1038,benign,https://doi.org/10.1101/2022.10.22.513328
A240V,NP_001070666:p.Ala240Val,"hg19,2:g.220089374G>A",,,0.037,"cBioPortal,saturation",-0.70932,-0.42687,0.0731990088311568,Neutral,Neutral,False,0.044,,,Uncertain,,,,,Uncertain,Uncertain,28.4,,True,28.4,,neutral,neutral,neutral,UP,neutral,,,,92.55,E,0.0986,3.2673,-1.4274,gain_of_function,-0.0284918553771418,0.9500404333470083,3.999809341342243e-06,Benign,0.0601,benign,https://doi.org/10.1101/2022.10.22.513328
L255I,NP_001070666:p.Leu255Ile,"hg19,2:g.220089330G>T, hg38,2:g.219224608G>T",,,0.142,"cBioPortal,COSMIC,saturation",2.05407,0.72721,1.4792033627466608,Uncertain,Uncertain,True,0.352,,,,,,,,,,2.3,,False,2.3,,neutral,neutral,neutral,-,uncertain,,,,96.81,H,-0.1046,1.1363,-5.6943,loss_of_function,-2.374526424668,0.6716838526886241,0.5400377810938763,Uncertain,0.4018,ambiguous,https://doi.org/10.1101/2022.10.22.513328
W257C,NP_001070666:p.Trp257Cys,"hg19,2:g.220089322C>A, hg38,2:g.219224600C>A",,,0.49,"cBioPortal,COSMIC,saturation",1.60392,1.58231,3.667476741421851,Neutral,Uncertain,False,0.08,,,Uncertain,,,,,Uncertain,Uncertain,46.2,,False,46.2,,neutral,neutral,neutral,DOWN,neutral,,,,92.65,S,-0.2815,1.6764,-7.2062,loss_of_function,-2.38352399872541,0.6706162921412966,0.4980145482894255,Uncertain,0.8807,pathogenic,https://doi.org/10.1101/2022.10.22.513328
P259R,NP_001070666:p.Pro259Arg,"hg38,2:g.219224595G>C",,,0.573,"COSMIC,saturation",0.8841,0.75952,-0.1794320967018559,Neutral,Neutral,False,0.01,,,Uncertain,,,,,Uncertain,Uncertain,102.5,,False,102.5,,neutral,neutral,neutral,UP,neutral,,,,88.25,T,-0.2612,0.7362,-8.8136,loss_of_function,-4.82196872815729,0.381295262564871,,,0.8835,pathogenic,https://doi.org/10.1101/2022.10.22.513328
A271V,NP_001070666:p.Ala271Val,"hg19,2:g.220089281G>A, hg38,2:g.219224559G>A",,,0.086,"cBioPortal,COSMIC,saturation",0.47456,0.06327,-0.498147104992972,Neutral,Neutral,False,0.06,,,Uncertain,,,,,Uncertain,Uncertain,82.8,,True,82.8,,neutral,neutral,neutral,UP,neutral,,,,93.97,T,-0.0652,2.6383,-22.1673,loss_of_function,-3.06697367763102,0.5895251103818813,0.1597321723533878,Benign,0.1315,benign,https://doi.org/10.1101/2022.10.22.513328
E272K,NP_001070666:p.Glu272Lys,"hg38,2:g.219224557C>T",,8.022269821e-06,0.408,"COSMIC,saturation",-0.13533,1.21531,1.367428662563943,Neutral,Neutral,False,0.06,,,Uncertain,,,,,Uncertain,Uncertain,25.6,,True,25.6,,neutral,neutral,neutral,UP,neutral,,,,94.16,T,-0.03,2.3563,-3.4594,loss_of_function,-1.1545976073591,0.816428187950221,0.0826981928016562,Benign,0.517,ambiguous,https://doi.org/10.1101/2022.10.22.513328
R275C,NP_001070666:p.Arg275Cys,"hg19,2:g.220089270G>A, hg38,2:g.219224548G>A",,,0.438,"cBioPortal,COSMIC,saturation",0.81811,0.70272,1.2466553049108189,Neutral,Neutral,False,0.012,,,Uncertain,,,,,Uncertain,Uncertain,71.4,,False,71.4,,neutral,neutral,neutral,DOWN,neutral,,,,91.55,-,-0.1293,2.4047,-8.8794,loss_of_function,-1.07879894384173,0.8254216857747428,0.8322785567208159,Pathogenic,0.6465,pathogenic,https://doi.org/10.1101/2022.10.22.513328
E281Q,NP_001070666:p.Glu281Gln,"hg19,2:g.220089252C>G",,,0.172,"cBioPortal,saturation",0.29957,0.03878,0.4214094781989114,Neutral,Neutral,False,0.039,,,Uncertain,,,,,Uncertain,Uncertain,66.2,,False,66.2,,neutral,neutral,neutral,UP,neutral,,,,96.12,H,0.0097,2.3241,-4.7952,gain_of_function,-0.88709241331391,0.8481676312207795,0.0113684950635255,Benign,0.1362,benign,https://doi.org/10.1101/2022.10.22.513328
L282P,NP_001070666:p.Leu282Pro,"hg38,2:g.219224526A>G",,,0.722,"COSMIC,saturation",4.65251,9.88061,6.608477422481012,Destabilizing,Destabilizing,False,0.062,,,,,,,,,,0.9,,False,0.9,,neutral,neutral,neutral,DOWN,neutral,,,,96.35,H,-0.4467,0.6077,-22.1734,loss_of_function,-7.12311841085267,0.10826426564659897,0.9411382926136936,Pathogenic,0.9942,pathogenic,https://doi.org/10.1101/2022.10.22.513328
A283T,NP_001070666:p.Ala283Thr,"hg19,2:g.220089246C>T, hg38,2:g.219224524C>T",,,0.259,"cBioPortal,COSMIC,saturation",2.80747,0.6602,1.3903094613185434,Uncertain,Uncertain,False,0.068,,,,,,,,,,12.0,,False,12.0,,neutral,neutral,neutral,UP,neutral,,,,96.57,H,-0.1374,0.9172,-4.7158,loss_of_function,-2.17504951335399,0.6953517524205736,0.1188609639479262,Benign,0.9025,pathogenic,https://doi.org/10.1101/2022.10.22.513328
Q284R,NP_001070666:p.Gln284Arg,"hg19,2:g.220089242T>C, hg38,2:g.219224520T>C",3.1843077315e-05,,0.094,"cBioPortal,COSMIC,saturation",-0.19341,-0.07925,-0.5935593529972066,Neutral,Neutral,False,0.042,,,Uncertain,,,,,Uncertain,Uncertain,75.5,,False,75.5,,neutral,neutral,neutral,UP,neutral,,,,97.28,H,0.0544,3.0882,-2.2827,gain_of_function,-0.697789989852945,0.8706283297947429,0.0003242760159312,Benign,0.0765,benign,https://doi.org/10.1101/2022.10.22.513328
R285C,NP_001070666:p.Arg285Cys,"hg19,2:g.220089240G>A, hg38,2:g.219224518G>A",,4.0199388969e-06,0.255,"cBioPortal,COSMIC,saturation",1.16916,1.50986,1.6396132512463502,Neutral,Neutral,False,0.026,,,Uncertain,,,,,Uncertain,Uncertain,52.5,,False,52.5,,neutral,neutral,neutral,DOWN,neutral,,,,96.48,H,-0.1593,2.8162,-22.1734,loss_of_function,-2.28899650705001,0.6818319620659438,0.3912145632210315,Uncertain,0.1948,benign,https://doi.org/10.1101/2022.10.22.513328
L286I,NP_001070666:p.Leu286Ile,"hg38,2:g.219224515G>T",,,0.42,"COSMIC,saturation",1.88592,1.91769,1.4472058455880676,Neutral,Neutral,False,0.027,,,,,,,,,,2.4,,False,2.4,,neutral,neutral,neutral,-,uncertain,,,,96.71,H,-0.136,0.9173,-7.8917,loss_of_function,-1.78976020761041,0.7410662594081854,0.3934771683823134,Uncertain,0.5908,pathogenic,https://doi.org/10.1101/2022.10.22.513328
R289C,NP_001070666:p.Arg289Cys,"hg38,2:g.219224506G>A",3.1843077315e-05,4.0195834104e-06,0.427,"COSMIC,saturation",2.06838,2.2966,2.042274537398937,Uncertain,Uncertain,False,0.069,,,Uncertain,,,,,Uncertain,Uncertain,21.7,,False,21.7,,neutral,neutral,neutral,DOWN,neutral,,,,96.63,H,-0.1313,3.1203,-22.1765,loss_of_function,-3.87419416246716,0.49374854470906177,0.4788067891200079,Uncertain,0.4493,ambiguous,https://doi.org/10.1101/2022.10.22.513328
R289H,NP_001070666:p.Arg289His,"hg19,2:g.220089227C>T, hg38,2:g.219224505C>T",,1.6092175984e-05,0.254,"cBioPortal,COSMIC,saturation",2.04051,0.96395,0.9517129859701752,Uncertain,Uncertain,False,0.069,,,Uncertain,,,,,Uncertain,Uncertain,21.7,,False,21.7,,neutral,neutral,neutral,DOWN,neutral,,,,96.63,H,0.0061,3.1203,-2.9115,gain_of_function,-2.09973125039314,0.7042882508052708,0.000692910826754,Benign,0.2437,benign,https://doi.org/10.1101/2022.10.22.513328
A329V,NP_001070666:p.Ala329Val,"hg19,2:g.220089107G>A",,,0.283,"cBioPortal,saturation",0.78642,0.3966,0.0672698473929905,Neutral,Neutral,False,0.017,,,Uncertain,,0.0026,,-0.01717,Uncertain,Neutral,65.9,,False,65.9,,neutral,neutral,neutral,UP,neutral,,,,90.73,S,0.0213,2.5878,-4.3129,gain_of_function,-1.79156300586327,0.7408523577189896,0.0168054351227468,Benign,0.2363,benign,https://doi.org/10.1101/2022.10.22.513328
R330H,NP_001070666:p.Arg330His,"hg19,2:g.220089104C>T",,4.0135819614e-06,0.671,"cBioPortal,saturation",1.54708,0.08741,1.2563442574820398,Neutral,Neutral,False,0.017,,,,,-0.14174,,-0.15928,,Neutral,12.9,,True,12.9,,neutral,neutral,neutral,DOWN,neutral,,,,94.62,E,-0.2933,0.1433,-7.8978,loss_of_function,-3.75626583305011,0.5077407198325545,0.9219502825126846,Pathogenic,0.9317,pathogenic,https://doi.org/10.1101/2022.10.22.513328
G336V,NP_001070666:p.Gly336Val,"hg19,2:g.220089086C>A, hg38,2:g.219224364C>A",,,0.712,"cBioPortal,COSMIC,saturation",8.59193,2.23844,3.293872319015424,Uncertain,Destabilizing,False,0.029,,,,,,,,,,0.0,,False,0.0,,neutral,neutral,neutral,UP,neutral,,,,95.52,H,-0.364,1.1527,-22.1704,loss_of_function,-5.51831838597547,0.298673500622337,0.944055066422321,Pathogenic,0.9953,pathogenic,https://doi.org/10.1101/2022.10.22.513328
R337C,NP_001070666:p.Arg337Cys,"hg19,2:g.220089084G>A",6.37551801084e-05,3.61315187282e-05,0.55,"cBioPortal,saturation,clinvar",0.75037,0.73401,2.03721527760474,Neutral,Uncertain,False,0.025,,,Uncertain,,,,,Uncertain,Uncertain,24.9,,False,24.9,,neutral,neutral,neutral,DOWN,neutral,2372339,Uncertain significance,1,97.44,H,-0.3375,0.8799,-22.1765,loss_of_function,-5.14502231706671,0.34296501221164327,0.947548377248286,Pathogenic,0.5595,ambiguous,https://doi.org/10.1101/2022.10.22.513328
R337H,NP_001070666:p.Arg337His,"hg19,2:g.220089083C>T, hg38,2:g.219224361C>T",0.0001274697259401,2.40927087432e-05,0.341,"cBioPortal,COSMIC,saturation",-0.25591,-0.41837,1.1162342898921611,Neutral,Neutral,False,0.025,,,Uncertain,,,,,Uncertain,Uncertain,24.9,,False,24.9,,neutral,neutral,neutral,DOWN,neutral,,,,97.44,H,-0.2162,0.8799,-6.0814,loss_of_function,-2.03852327038618,0.7115505666495312,0.5776323403792549,Uncertain,0.3141,benign,https://doi.org/10.1101/2022.10.22.513328
C338Y,NP_001070666:p.Cys338Tyr,"hg19,2:g.220089080C>T",,,0.213,"cBioPortal,saturation",-0.76227,0.31327,0.7528819051812254,Neutral,Neutral,False,0.056,,,,,,,,,,9.3,,False,9.3,,neutral,neutral,neutral,UP,neutral,,,,96.34,H,-0.1749,2.4808,-4.0844,loss_of_function,-1.39966227231251,0.7873513094295249,5.576422624496499e-06,Benign,0.3183,benign,https://doi.org/10.1101/2022.10.22.513328
Y339S,NP_001070666:p.Tyr339Ser,"hg38,2:g.219224355T>G",,,0.511,"COSMIC,saturation",2.97437,3.21463,2.596775320032099,Uncertain,Uncertain,False,0.07,,,,,,,,,,11.7,,True,11.7,,uncertain,,,DOWN,neutral,,,,95.95,H,-0.2205,1.7722,-7.8887,loss_of_function,-3.80338106261284,0.5021505062996053,0.5167295725364638,Uncertain,0.8261,pathogenic,https://doi.org/10.1101/2022.10.22.513328
R341H,NP_001070666:p.Arg341His,"hg19,2:g.220089071C>T",,,0.861,"cBioPortal,saturation",5.95339,3.13844,1.9277091497518184,Destabilizing,Uncertain,False,0.026,,,,,,,,,,8.1,,True,8.1,,neutral,neutral,neutral,DOWN,neutral,,,,97.84,-,-0.3692,0.1092,-22.1734,loss_of_function,-7.96950789943298,0.007840304708278912,0.9882991448758384,Pathogenic,0.9402,pathogenic,https://doi.org/10.1101/2022.10.22.513328
E349D,NP_001070666:p.Glu349Asp,"hg19,2:g.220089046C>A",,,0.181,"cBioPortal,saturation",0.80949,0.3068,1.5111917046790249,Neutral,Neutral,False,0.02,,,,,,,,,,13.8,,False,13.8,,neutral,neutral,neutral,DOWN,neutral,,,,95.35,H,-0.1628,0.5152,-7.3128,loss_of_function,-2.2438621771204,0.687187142212889,0.6501776711785427,Uncertain,0.9369,pathogenic,https://doi.org/10.1101/2022.10.22.513328
E349K,NP_001070666:p.Glu349Lys,"hg19,2:g.220089048C>T, hg38,2:g.219224326C>T",,8.0316124265e-06,0.328,"cBioPortal,COSMIC,saturation",-0.11257,1.04626,1.244699384611794,Neutral,Neutral,False,0.02,,,,,,,,,,13.8,,False,13.8,,neutral,neutral,neutral,UP,neutral,,,,95.35,H,-0.295,0.5152,-22.1856,loss_of_function,-6.98222714590099,0.12498098895065439,0.9756426865682292,Pathogenic,0.9713,pathogenic,https://doi.org/10.1101/2022.10.22.513328
R353H,NP_001070666:p.Arg353His,"hg19,2:g.220089035C>T, hg38,2:g.219224313C>T",,,0.665,"cBioPortal,COSMIC,saturation",3.05139,1.3949,0.8267509002240508,Uncertain,Uncertain,False,0.023,,,,,-0.01494,,0.02075,,Neutral,2.5,,False,2.5,,neutral,neutral,neutral,DOWN,neutral,,,,94.61,H,-0.3076,0.0434,-8.9007,loss_of_function,-7.94397527235169,0.010869746329730331,0.9913706230315884,Pathogenic,0.9887,pathogenic,https://doi.org/10.1101/2022.10.22.513328
R356H,NP_001070666:p.Arg356His,"hg19,2:g.220089026C>T, hg38,2:g.219224304C>T",,2.005680086e-05,0.241,"cBioPortal,COSMIC,saturation",0.40613,0.3102,0.4630200042503751,Neutral,Neutral,False,0.004,,,Uncertain,,0.28,,-0.27114,Uncertain,Neutral,38.1,,False,38.1,,neutral,neutral,neutral,DOWN,neutral,,,,91.85,H,-0.2503,1.403,-22.1856,loss_of_function,-2.33088245000945,0.6768622024500972,0.6545745082668503,Uncertain,0.3403,ambiguous,https://doi.org/10.1101/2022.10.22.513328
G357D,NP_001070666:p.Gly357Asp,"hg19,2:g.220089023C>T, hg38,2:g.219224301C>T",,,0.398,"cBioPortal,COSMIC,saturation",5.61536,4.04932,4.658099043701882,Destabilizing,Destabilizing,False,0.005,,,,,0.06352,,0.08434,,Neutral,0.0,,False,0.0,,neutral,neutral,neutral,UP,neutral,,,,93.0,H,-0.3026,1.5327,-22.1856,loss_of_function,-6.01678761142832,0.23953021647097447,0.9627533170647464,Pathogenic,0.9972,pathogenic,https://doi.org/10.1101/2022.10.22.513328
G357V,NP_001070666:p.Gly357Val,"hg19,2:g.220089023C>A",,,0.358,"cBioPortal,saturation",2.34596,1.96361,2.470659736825972,Uncertain,Uncertain,False,0.005,,,,,0.0498,,-0.00532,,Neutral,0.0,,False,0.0,,neutral,neutral,neutral,UP,neutral,,,,93.0,H,-0.2613,1.5327,-8.8977,loss_of_function,-4.49172898369158,0.42047814898532127,0.6787992803539256,Uncertain,0.9798,pathogenic,https://doi.org/10.1101/2022.10.22.513328
D400Y,NP_001070666:p.Asp400Tyr,"hg19,2:g.220088895C>A, hg38,2:g.219224173C>A",,,0.705,"cBioPortal,COSMIC,saturation",-0.42944,-0.23095,-0.188616637725234,Neutral,Neutral,False,0.056,,,Uncertain,-0.608,-0.32328,0.88082,-0.69698,Neutral,Neutral,97.0,,False,97.0,,neutral,neutral,neutral,UP,stabilizing,,,,92.33,G,-0.2197,1.0629,-7.3128,loss_of_function,-3.09022679860988,0.5867661317504337,0.8923742405794759,Pathogenic,0.9836,pathogenic,https://doi.org/10.1101/2022.10.22.513328
A403V,NP_001070666:p.Ala403Val,"hg38,2:g.219224163G>A",,,0.183,"COSMIC,saturation",0.6453,0.76259,-0.0990211972246157,Neutral,Neutral,False,0.142,,,Uncertain,0.1676,0.58542,-0.05249,-0.0482,Neutral,Neutral,90.3,,False,90.3,,neutral,neutral,neutral,UP,stabilizing,,,,89.57,G,0.0252,2.7966,-7.3159,gain_of_function,-3.10237958164714,0.5853242062238385,0.2757125775720325,Benign,0.4917,ambiguous,https://doi.org/10.1101/2022.10.22.513328
P426L,NP_001070666:p.Pro426Leu,"hg19,2:g.220088733G>A, hg38,2:g.219224011G>A",,4.0656686805e-06,0.753,"cBioPortal,COSMIC,saturation",1.58264,-0.15884,-0.6165004531537777,Neutral,Neutral,False,0.024,,,Uncertain,0.00426,,-0.02021,,Neutral,Uncertain,25.5,,False,25.5,,neutral,neutral,neutral,UP,neutral,,,,88.17,-,-0.2951,0.88,-22.1642,loss_of_function,-4.77766820921692,0.38655151118756753,0.9526405642316054,Pathogenic,0.8904,pathogenic,https://doi.org/10.1101/2022.10.22.513328
P426S,NP_001070666:p.Pro426Ser,"hg38,2:g.219224012G>A",,,0.523,"COSMIC,saturation",1.22467,1.57075,0.567931800029591,Neutral,Neutral,False,0.024,,,Uncertain,-0.01984,,-0.07363,,Neutral,Uncertain,25.5,,False,25.5,,neutral,neutral,neutral,DOWN,neutral,,,,88.17,-,-0.1599,0.88,-5.2915,loss_of_function,-2.91350525739604,0.6077341109033724,0.2497011021143972,Benign,0.8191,pathogenic,https://doi.org/10.1101/2022.10.22.513328
D427E,NP_001070666:p.Asp427Glu,"hg19,2:g.220088729G>C, hg38,2:g.219224007G>C",,,0.24,"cBioPortal,COSMIC,saturation",0.14576,0.87517,0.3405381386494388,Neutral,Neutral,False,0.008,,,Uncertain,0.47398,,0.01669,,Neutral,Uncertain,82.0,,False,82.0,,neutral,neutral,neutral,UP,stabilizing,,,,87.27,-,-0.1038,1.0027,-3.1186,loss_of_function,-0.554987397547813,0.8875718317463042,0.0314073275047664,Benign,0.565,pathogenic,https://doi.org/10.1101/2022.10.22.513328
H429Y,NP_001070666:p.His429Tyr,"hg19,2:g.220088725G>A, hg38,2:g.219224003G>A",,,0.198,"cBioPortal,COSMIC,saturation",-0.32653,0.18707,-0.0057369392357059,Neutral,Neutral,False,0.049,,,Uncertain,0.04614,,-0.63459,,Neutral,Uncertain,100.3,,False,100.3,,neutral,neutral,neutral,UP,stabilizing,,,,86.01,T,0.0049,2.1782,-7.8641,gain_of_function,-1.01517414338438,0.832970756931752,0.6102217174794095,Uncertain,0.2499,benign,https://doi.org/10.1101/2022.10.22.513328
M430I,NP_001070666:p.Met430Ile,"hg19,2:g.220088720C>A",,,0.072,"cBioPortal,saturation",0.6371,0.57381,0.6504996049303721,Neutral,Neutral,False,0.071,,,,-0.02134,,0.0977,,Neutral,,15.7,,False,15.7,,neutral,neutral,neutral,-,uncertain,,,,83.52,-,-0.0038,2.595,-7.273,loss_of_function,-0.933393487183444,0.8426740171147306,0.0110077657845659,Benign,0.5784,pathogenic,https://doi.org/10.1101/2022.10.22.513328
M430T,NP_001070666:p.Met430Thr,"hg19,2:g.220088721A>G",,,0.192,"cBioPortal,saturation",0.91185,3.16156,1.6960743850234266,Uncertain,Neutral,False,0.071,,,,0.52278,,-0.03174,,Neutral,,15.7,,False,15.7,,neutral,neutral,neutral,DOWN,neutral,,,,83.52,-,-0.0427,2.595,-4.3344,loss_of_function,-0.819871519465559,0.8561433782133241,0.0031202609461565,Benign,0.2123,benign,https://doi.org/10.1101/2022.10.22.513328
F432V,NP_001070666:p.Phe432Val,"hg19,2:g.220088716A>C",,4.0314777785e-06,0.36,"cBioPortal,saturation,clinvar",1.19238,1.61293,0.6274180291807604,Neutral,Neutral,False,0.13,,,Uncertain,-0.11558,,0.01255,,Neutral,Uncertain,54.4,,False,54.4,,neutral,neutral,neutral,DOWN,neutral,2247766,Uncertain significance,1,85.98,-,-0.0995,2.3017,-7.2823,loss_of_function,-2.40916800943004,0.6675736348729233,0.0789209439962341,Benign,0.8409,pathogenic,https://doi.org/10.1101/2022.10.22.513328
C433F,NP_001070666:p.Cys433Phe,"hg38,2:g.219223990C>A",,,0.463,"COSMIC,saturation",-0.11555,0.10986,-0.5484292667836477,Neutral,Neutral,False,0.105,,,Uncertain,0.02608,,-0.17541,,Neutral,Uncertain,38.4,,False,38.4,,neutral,neutral,neutral,UP,neutral,,,,90.04,-,-0.2199,1.98,-5.6973,loss_of_function,-2.92179112350637,0.6067509943762524,0.2270860841473508,Benign,0.8045,pathogenic,https://doi.org/10.1101/2022.10.22.513328
P434S,NP_001070666:p.Pro434Ser,"hg19,2:g.220088710G>A, hg38,2:g.219223988G>A",,,0.669,"cBioPortal,COSMIC,saturation",4.87379,3.02075,1.1896224314736032,Destabilizing,Uncertain,False,0.048,,,Uncertain,-0.10008,,-0.10703,,Neutral,Uncertain,22.2,,False,22.2,,neutral,neutral,neutral,DOWN,neutral,,,,91.78,H,-0.1903,0.6374,-6.8734,loss_of_function,-3.28262541907692,0.5639380699573017,0.8230445985105137,Pathogenic,0.9726,pathogenic,https://doi.org/10.1101/2022.10.22.513328
Q436H,NP_001070666:p.Gln436His,"hg19,2:g.220088702C>A",,,0.327,"cBioPortal,saturation",0.94341,0.39456,-0.2827835767815884,Neutral,Neutral,False,0.031,,,Uncertain,-0.01012,,0.00205,,Neutral,Uncertain,40.7,,False,40.7,,neutral,neutral,neutral,UP,neutral,,,,88.44,H,0.0413,2.8339,-6.2792,gain_of_function,-1.18242503729163,0.8131264683822645,0.0241394202577271,Benign,0.5974,pathogenic,https://doi.org/10.1101/2022.10.22.513328
L438F,NP_001070666:p.Leu438Phe,"hg19,2:g.220088698G>A",,,0.447,"cBioPortal,saturation",3.48761,3.00238,1.262234522983229,Destabilizing,Uncertain,False,0.069,,,,,,,,,,3.2,,False,3.2,,neutral,neutral,neutral,UP,neutral,,,,91.73,H,-0.1647,1.1119,-5.4047,loss_of_function,-3.322086420013,0.559256029277379,0.5101378977772184,Uncertain,0.8693,pathogenic,https://doi.org/10.1101/2022.10.22.513328
R439C,NP_001070666:p.Arg439Cys,"hg19,2:g.220088695G>A",,4.0182589688e-06,0.171,"cBioPortal,saturation",0.54114,1.81735,1.8621128206722688,Neutral,Neutral,False,0.086,,,Uncertain,,,,,Uncertain,Uncertain,29.4,,False,29.4,,neutral,neutral,neutral,DOWN,neutral,,,,89.23,H,-0.0752,2.9923,-8.864,loss_of_function,-2.40104760164346,0.6685371197996212,0.5041261245120608,Uncertain,0.271,benign,https://doi.org/10.1101/2022.10.22.513328
R439H,NP_001070666:p.Arg439His,"hg19,2:g.220088694C>T, hg38,2:g.219223972C>T",9.55779278705e-05,0.0001406503672984,0.24,"cBioPortal,COSMIC,saturation",-0.01355,0.66837,0.8621164295154138,Neutral,Neutral,False,0.086,,,Uncertain,,,,,Uncertain,Uncertain,29.4,,False,29.4,,neutral,neutral,neutral,DOWN,neutral,3131031,Uncertain significance,1,89.23,H,-0.036,2.9923,-8.864,loss_of_function,-3.27575985147639,0.5647526683211016,0.0988626351811846,Benign,0.1371,benign,https://doi.org/10.1101/2022.10.22.513328
V440M,NP_001070666:p.Val440Met,"hg19,2:g.220088692C>T",3.18532203606e-05,1.20513871147e-05,0.26,"cBioPortal,saturation",-1.55426,0.1381,0.3522523666803334,Neutral,Neutral,False,0.143,,,Uncertain,,,,,Uncertain,Uncertain,32.4,,False,32.4,,neutral,neutral,neutral,UP,neutral,,,,91.27,H,0.0375,3.3806,-5.1606,gain_of_function,-1.30450286411725,0.7986419561358582,0.0009363413980392,Benign,0.3442,ambiguous,https://doi.org/10.1101/2022.10.22.513328
D450N,NP_001070666:p.Asp450Asn,"hg19,2:g.220088662C>T, hg38,2:g.219223940C>T",,,0.234,"cBioPortal,COSMIC,saturation",0.033,0.97755,0.6775087959461287,Neutral,Neutral,False,0.003,0.10638,0.15675,Neutral,,,,,Uncertain,Uncertain,63.9,,False,63.9,,neutral,neutral,neutral,-,uncertain,,,,86.54,G,-0.0362,2.1489,-6.2761,loss_of_function,-0.812062581591228,0.8570699072908261,0.1311769269099734,Benign,0.4105,ambiguous,https://doi.org/10.1101/2022.10.22.513328
H457R,NP_001070666:p.His457Arg,"hg19,2:g.220088640T>C",,,0.673,"cBioPortal,saturation",-0.47108,0.50238,0.4135696069680494,Neutral,Neutral,False,0.005,0.02922,0.14399,Neutral,-0.1439,,0.54012,,Neutral,Uncertain,62.5,,True,62.5,,neutral,neutral,neutral,UP,neutral,,,,91.67,T,-0.1461,1.2377,-7.8423,loss_of_function,-2.83686374166965,0.6168276129912476,0.7410651807888221,Pathogenic,0.9295,pathogenic,https://doi.org/10.1101/2022.10.22.513328
R458C,NP_001070666:p.Arg458Cys,"hg38,2:g.219223916G>A",3.18572793883e-05,4.0073414495e-06,0.174,"COSMIC,saturation",-0.01647,0.57687,1.095989421910061,Neutral,Neutral,False,0.003,-0.18308,-0.05285,Neutral,-0.02284,,1.05251,,Uncertain,Uncertain,70.2,,True,70.2,,neutral,neutral,neutral,DOWN,neutral,,,,93.51,S,-0.178,1.8734,-8.8485,loss_of_function,-2.51516099518676,0.6549975861329717,0.0914507550175879,Benign,0.2344,benign,https://doi.org/10.1101/2022.10.22.513328
S459L,NP_001070666:p.Ser459Leu,"hg19,2:g.220088634G>A, hg38,2:g.219223912G>A",,,0.038,"cBioPortal,COSMIC,saturation",-0.64859,-0.92687,-0.6984286140476836,Neutral,Neutral,False,0.004,,,Uncertain,-0.8444,,-0.4428,,Neutral,Uncertain,75.5,,True,75.5,,uncertain,,,UP,stabilizing,,,,92.14,H,0.0262,3.3219,-6.8548,gain_of_function,-1.17846557177324,0.8135962582555089,0.0464462993050899,Benign,0.175,benign,https://doi.org/10.1101/2022.10.22.513328
R462Q,NP_001070666:p.Arg462Gln,"hg19,2:g.220088624_220088625delinsTT, hg19,2:g.220088625C>T, hg38,2:g.219223903C>T",,0.0,0.409,"cBioPortal,COSMIC,saturation",0.53557,1.43537,1.8790535064868608,Neutral,Neutral,False,0.005,,,Uncertain,0.79256,,0.60359,,Neutral,Uncertain,39.1,,True,39.1,,neutral,neutral,neutral,DOWN,neutral,,,,94.62,H,-0.1997,1.1239,-6.2636,loss_of_function,-3.01792396853135,0.5953448495647526,0.147410754153769,Benign,0.7205,pathogenic,https://doi.org/10.1101/2022.10.22.513328
R462W,NP_001070666:p.Arg462Trp,"hg19,2:g.220088626G>A, hg38,2:g.219223904G>A",,,0.601,"cBioPortal,COSMIC,saturation",0.80155,0.67245,-0.2776664454322453,Neutral,Neutral,False,0.005,,,Uncertain,0.80208,,0.54424,,Neutral,Uncertain,39.1,,True,39.1,,neutral,neutral,neutral,UP,neutral,,,,94.62,H,-0.2558,1.1239,-8.8485,loss_of_function,-3.34122600108233,0.5569851214180362,0.8509148364915149,Pathogenic,0.9254,pathogenic,https://doi.org/10.1101/2022.10.22.513328
E464K,NP_001070666:p.Glu464Lys,"hg19,2:g.220088620C>T",,5.61050286136e-05,0.331,"cBioPortal,saturation",1.77456,1.98469,0.8921793927476157,Neutral,Neutral,False,0.007,,,Uncertain,,,,,Uncertain,Uncertain,30.7,,True,30.7,,neutral,neutral,neutral,UP,neutral,,,,94.61,H,-0.105,1.6639,-5.6756,loss_of_function,-2.38757228747547,0.6701359634075538,0.1119080618351026,Benign,0.763,pathogenic,https://doi.org/10.1101/2022.10.22.513328
A466S,NP_001070666:p.Ala466Ser,"hg38,2:g.219223892C>A",,,0.089,"COSMIC,saturation",-0.20412,0.16871,0.949835405959229,Neutral,Neutral,False,0.035,,,Uncertain,,,,,Uncertain,Uncertain,34.2,,True,34.2,,neutral,neutral,neutral,-,uncertain,,,,95.78,H,0.0079,2.2616,-1.636,gain_of_function,-0.207547448458758,0.9287955193587957,0.0011158370034666,Benign,0.073,benign,https://doi.org/10.1101/2022.10.22.513328
R497W,NP_001070666:p.Arg497Trp,"hg19,2:g.220088417G>A",,8.0276149956e-06,0.271,"cBioPortal,saturation",0.59262,-0.54864,0.9457203612105058,Neutral,Neutral,False,0.035,,,Uncertain,,,,,Uncertain,Uncertain,37.5,,True,37.5,,neutral,neutral,neutral,UP,neutral,,,,96.85,G,-0.2712,1.6929,-22.1206,loss_of_function,-3.48713336346513,0.5396732390539001,0.8746398862936864,Pathogenic,0.787,pathogenic,https://doi.org/10.1101/2022.10.22.513328
A498S,NP_001070666:p.Ala498Ser,"hg19,2:g.220088414C>A",,0.0,0.058,"cBioPortal,saturation",0.64324,1.02007,1.6987856600086255,Neutral,Neutral,False,0.08,,,,,,,,,,4.5,,False,4.5,,neutral,neutral,neutral,-,uncertain,,,,96.94,H,-0.0558,1.5466,-1.2298,loss_of_function,-0.235407782932719,0.9254898956729031,0.0012231947405587,Benign,0.0957,benign,https://doi.org/10.1101/2022.10.22.513328
A498V,NP_001070666:p.Ala498Val,"hg19,2:g.220088413G>A, hg38,2:g.219223691G>A",,,0.277,"cBioPortal,COSMIC,saturation",0.61181,1.31497,0.2560268556183293,Neutral,Neutral,False,0.08,,,,,,,,,,4.5,,False,4.5,,neutral,neutral,neutral,UP,neutral,,,,96.94,H,-0.0873,1.5466,-6.8297,loss_of_function,-1.62130498065453,0.7610534418577792,0.2509903732022666,Benign,0.7434,pathogenic,https://doi.org/10.1101/2022.10.22.513328
I501L,NP_001070666:p.Ile501Leu,"hg19,2:g.220088405T>G, hg38,2:g.219223683T>G",,,0.249,"cBioPortal,COSMIC,saturation",0.04945,0.35034,0.533919026119225,Neutral,Neutral,False,0.281,-0.08682,0.50733,Neutral,,,,,,,0.4,,False,0.4,,neutral,neutral,neutral,-,uncertain,,,,97.09,H,-0.1281,0.9363,-3.1859,loss_of_function,-1.80156140071209,0.7396660499643553,0.0550317990156781,Benign,0.2117,benign,https://doi.org/10.1101/2022.10.22.513328
R506Q,NP_001070666:p.Arg506Gln,"hg19,2:g.220088389C>T, hg38,2:g.219223667C>T",,,0.341,"cBioPortal,COSMIC,saturation",1.299,0.77619,1.2687597493645326,Neutral,Neutral,False,0.057,,,Uncertain,,,,,Uncertain,Uncertain,21.2,,True,21.2,,neutral,neutral,neutral,DOWN,neutral,,,,95.43,H,-0.3158,0.7409,-22.1174,loss_of_function,-4.0493448734241,0.47296694428422403,0.7189809778248901,Pathogenic,0.9073,pathogenic,https://doi.org/10.1101/2022.10.22.513328
V510M,NP_001070666:p.Val510Met,"hg19,2:g.220088378C>T, hg38,2:g.219223656C>T",,,0.491,"cBioPortal,COSMIC,saturation",0.24257,1.16531,0.2527855663060407,Neutral,Neutral,False,0.246,,,Uncertain,,,,,Uncertain,Uncertain,50.0,,True,50.0,,neutral,neutral,neutral,UP,neutral,,,,94.61,E,-0.2826,0.8416,-22.1174,loss_of_function,-3.19398914629268,0.5744547478176721,0.9155745339633368,Pathogenic,0.7152,pathogenic,https://doi.org/10.1101/2022.10.22.513328
V513I,NP_001070666:p.Val513Ile,"hg19,2:g.220088369C>T, hg38,2:g.219223647C>T",0.0008289230376841,0.0008786993644476,0.048,"cBioPortal,COSMIC,saturation",0.25859,0.0068,-0.0192321449009252,Neutral,Neutral,False,0.124,,,Uncertain,,,,,Uncertain,Uncertain,108.2,,True,108.2,,neutral,neutral,neutral,UP,neutral,,,,86.73,T,0.0489,2.6654,-4.5723,gain_of_function,-0.448982890895524,0.9001492474384478,0.0191249518211439,Benign,0.1267,benign,https://doi.org/10.1101/2022.10.22.513328
V515A,NP_001070666:p.Val515Ala,"hg19,2:g.220088362A>G",,,0.389,"cBioPortal,saturation",3.24743,2.61054,2.1193774672157826,Uncertain,Uncertain,False,0.026,,,,,,,,,,0.5,,False,0.5,,neutral,neutral,neutral,DOWN,neutral,,,,89.59,T,-0.1989,0.9086,-8.82,loss_of_function,-2.29124278250476,0.6815654418863243,0.9066405285582568,Pathogenic,0.9168,pathogenic,https://doi.org/10.1101/2022.10.22.513328
Q523E,NP_001070666:p.Gln523Glu,"hg19,2:g.220088339G>C",,,0.397,"cBioPortal,saturation",0.57144,0.69456,0.1428391697793485,Neutral,Neutral,False,0.024,,,Uncertain,,,,,Uncertain,Uncertain,24.2,,True,24.2,,neutral,neutral,neutral,DOWN,neutral,,,,93.25,G,-0.1082,1.1948,-5.2256,loss_of_function,-1.72722617854064,0.7484859107357934,0.0634646456122093,Benign,0.3839,ambiguous,https://doi.org/10.1101/2022.10.22.513328
V526I,NP_001070666:p.Val526Ile,,,,,"saturation,clinvar",-0.82761,0.76224,-0.182224112682271,Neutral,Neutral,False,0.024,0.0,0.07836,Neutral,,,,,,,5.8,,True,5.8,,neutral,neutral,neutral,UP,neutral,2238309,Uncertain significance,1,87.93,H,-0.0409,1.5165,-1.4586,loss_of_function,-0.557678562855649,0.8872525254654499,0.0012570960430464,Benign,0.0936,benign,https://doi.org/10.1101/2022.10.22.513328
R527C,NP_001070666:p.Arg527Cys,"hg19,2:g.220088327G>A",,,0.571,"cBioPortal,saturation,clinvar",0.48467,1.72279,1.6948917322090349,Neutral,Neutral,False,0.008,0.0,-0.03565,Neutral,,,,,Uncertain,Uncertain,49.6,,False,49.6,,neutral,neutral,neutral,DOWN,neutral,2334232,Uncertain significance,1,87.62,H,-0.1887,1.6674,-7.2256,loss_of_function,-1.44674630384855,0.7817647975368441,0.8530687654783985,Pathogenic,0.6596,pathogenic,https://doi.org/10.1101/2022.10.22.513328
R527H,NP_001070666:p.Arg527His,"hg38,2:g.219223604C>T",,0.0,0.427,"COSMIC,saturation",-0.26135,1.05272,0.7773362221925295,Neutral,Neutral,False,0.008,0.0,0.21677,Neutral,,,,,Uncertain,Uncertain,49.6,,False,49.6,,neutral,neutral,neutral,DOWN,neutral,,,,87.62,H,-0.1445,1.6674,-6.2256,loss_of_function,-2.83759458560496,0.6167408984894706,0.2715548094385842,Benign,0.4762,ambiguous,https://doi.org/10.1101/2022.10.22.513328
H529R,NP_001070666:p.His529Arg,"hg19,2:g.220088320T>C",,,0.535,"cBioPortal,saturation",-0.32649,1.92007,1.6881009841209142,Neutral,Neutral,False,0.006,,,,,,,,,,6.5,,False,6.5,,neutral,neutral,neutral,UP,neutral,,,,89.04,H,-0.2162,0.4413,-7.2224,loss_of_function,-3.21190310791808,0.5723292594854182,0.7382245281860439,Pathogenic,0.9945,pathogenic,https://doi.org/10.1101/2022.10.22.513328
Q533K,NP_001070666:p.Gln533Lys,"hg38,2:g.219223587G>T",,,0.066,"COSMIC,saturation",-0.71749,0.37993,0.0945043227351744,Neutral,Neutral,False,0.006,-0.9463,0.63736,Neutral,,,,,Uncertain,Uncertain,66.2,,False,66.2,,neutral,neutral,neutral,UP,neutral,,,,82.83,T,0.0486,3.1181,-3.6781,gain_of_function,-1.08289522235708,0.8249356630639599,0.0049677633435357,Benign,0.1593,benign,https://doi.org/10.1101/2022.10.22.513328
A537V,NP_001070666:p.Ala537Val,"hg19,2:g.220087605G>A",,,0.034,"cBioPortal,saturation",0.26034,0.21939,-0.0984565611157756,Neutral,Neutral,False,0.005,-0.34932,0.01509,Neutral,,,,,Uncertain,Uncertain,111.7,,False,111.7,,neutral,neutral,neutral,UP,neutral,,,,62.32,T,0.0856,3.2832,-4.2512,gain_of_function,-0.369074697462393,0.9096303402500334,0.0049528370139505,Benign,0.1162,benign,https://doi.org/10.1101/2022.10.22.513328
G538W,NP_001070666:p.Gly538Trp,"hg19,2:g.220087603C>A, hg38,2:g.219222881C>A",,,0.26,"cBioPortal,COSMIC,saturation",3.94996,1.92347,1.662468355935527,Uncertain,Uncertain,False,0.003,-0.74612,-0.3522,Neutral,,,,,Uncertain,Uncertain,109.6,,False,109.6,,neutral,neutral,neutral,UP,neutral,,,,65.8,T,-0.2519,2.4836,-22.0625,loss_of_function,-3.0526088990849,0.5912294887786675,0.7689852274584752,Pathogenic,0.8769,pathogenic,https://doi.org/10.1101/2022.10.22.513328
T540A,NP_001070666:p.Thr540Ala,,,,,"saturation,clinvar",1.28295,1.27857,0.6655297693398956,Neutral,Neutral,False,0.002,0.11904,-0.07061,Neutral,,,,,,,7.2,,False,7.2,,uncertain,,,DOWN,neutral,2266909,Uncertain significance,1,80.48,-,0.0014,2.5551,-4.7748,gain_of_function,-1.2978384284355,0.7994326902335874,0.0145082909333295,Benign,0.7129,pathogenic,https://doi.org/10.1101/2022.10.22.513328
E541D,NP_001070666:p.Glu541Asp,"hg19,2:g.220087592C>A, hg38,2:g.219222870C>A",,,0.18,"cBioPortal,COSMIC,saturation",-0.20023,0.30476,0.3037926007188768,Neutral,Neutral,False,0.003,0.0015,0.01592,Neutral,,,,,Uncertain,Uncertain,71.3,,False,71.3,,neutral,neutral,neutral,DOWN,neutral,,,,83.13,-,0.0273,2.4019,-4.0743,gain_of_function,-1.09210110096879,0.8238433872186444,0.0094765377296837,Benign,0.4357,ambiguous,https://doi.org/10.1101/2022.10.22.513328
A548S,NP_001070666:p.Ala548Ser,"hg38,2:g.219222851C>A",,,0.212,"COSMIC,saturation",-0.46048,1.59864,1.4382865555049722,Neutral,Neutral,False,0.01,-0.0037,-0.24278,Neutral,,,,,,,0.6,,False,0.6,,neutral,neutral,neutral,-,uncertain,,,,88.83,-,-0.0895,1.3447,-4.1898,loss_of_function,-1.51095583094354,0.7741463486692063,0.0907657689433519,Benign,0.7547,pathogenic,https://doi.org/10.1101/2022.10.22.513328
A561V,NP_001070666:p.Ala561Val,"hg19,2:g.220087533G>A, hg38,2:g.219222811G>A",,0.0,0.344,"cBioPortal,COSMIC,saturation",-0.34099,0.21939,0.8213783908587088,Neutral,Neutral,False,0.04,0.11545,0.04065,Neutral,,,,,,,16.5,,False,16.5,,neutral,neutral,neutral,UP,neutral,,,,93.11,H,-0.0028,2.4175,-5.974,loss_of_function,-1.81855772515975,0.7376494391185734,0.0827499953758173,Benign,0.4997,ambiguous,https://doi.org/10.1101/2022.10.22.513328
I562V,NP_001070666:p.Ile562Val,,,,,"saturation,clinvar",0.82252,0.64626,1.1863289170563178,Neutral,Neutral,False,0.029,0.0,0.3997,Neutral,,,,,,,11.5,,False,11.5,,neutral,neutral,neutral,DOWN,neutral,2275033,Uncertain significance,1,90.96,H,0.0443,2.5114,-5.6114,gain_of_function,-1.40372300002013,0.7868695048156996,0.0092785598933937,Benign,0.205,benign,https://doi.org/10.1101/2022.10.22.513328
P565L,NP_001070666:p.Pro565Leu,"hg19,2:g.220087521G>A",,,0.561,"cBioPortal,saturation",1.07967,1.1466,-0.6567595796400116,Neutral,Neutral,False,0.003,0.02139,1.67135,Uncertain,,,,,Uncertain,Uncertain,73.7,,False,73.7,,neutral,neutral,neutral,UP,neutral,,,,88.68,T,-0.3712,0.0466,-22.0658,loss_of_function,-5.68072539354537,0.27940393831755705,0.969250206050054,Pathogenic,0.9394,pathogenic,https://doi.org/10.1101/2022.10.22.513328
R571C,NP_001070666:p.Arg571Cys,"hg19,2:g.220087504G>A",,,0.127,"cBioPortal,saturation",0.38697,1.70578,1.0823595860179274,Neutral,Neutral,False,0.001,,,Uncertain,,,,,Uncertain,Uncertain,106.0,,True,106.0,,neutral,neutral,neutral,DOWN,neutral,,,,88.28,H,-0.1054,3.3926,-22.002,loss_of_function,-2.32784211871261,0.6772229372128901,0.225937146934718,Benign,0.2078,benign,https://doi.org/10.1101/2022.10.22.513328
R571H,NP_001070666:p.Arg571His,"hg19,2:g.220087503C>T, hg38,2:g.219222781C>T",,4.007662651e-06,0.089,"cBioPortal,COSMIC,saturation",0.23966,0.45646,-0.1889250884685722,Neutral,Neutral,False,0.001,,,Uncertain,,,,,Uncertain,Uncertain,106.0,,True,106.0,,neutral,neutral,neutral,DOWN,neutral,,,,88.28,H,0.0118,3.3926,-6.7142,gain_of_function,-1.8484340445713,0.7341046191815976,0.0015488695133434,Benign,0.1333,benign,https://doi.org/10.1101/2022.10.22.513328
L580V,NP_001070666:p.Leu580Val,"hg38,2:g.219222755G>C",,,0.237,"COSMIC,saturation",1.30204,1.13095,1.4110104252411242,Neutral,Neutral,False,0.026,,,,,,,,,,3.1,,True,3.1,,neutral,neutral,neutral,DOWN,neutral,,,,86.15,H,-0.0862,1.6003,-3.3327,loss_of_function,-0.974820255813142,0.8377587384507106,0.0040133187904391,Benign,0.2248,benign,https://doi.org/10.1101/2022.10.22.513328
Q583H,NP_001070666:p.Gln583His,"hg19,2:g.220087466C>A",,,0.075,"cBioPortal,saturation",1.78002,0.91633,0.4496951833740092,Neutral,Neutral,False,0.02,,,Uncertain,,,,,Uncertain,Uncertain,27.1,,True,27.1,,neutral,neutral,neutral,UP,neutral,,,,84.84,H,0.0385,2.6628,-3.737,gain_of_function,-0.123423665929425,0.9387767910601725,0.0064520634726829,Benign,0.2496,benign,https://doi.org/10.1101/2022.10.22.513328
R586W,NP_001070666:p.Arg586Trp,"hg19,2:g.220087459G>A, hg38,2:g.219222737G>A",,1.20245300413e-05,0.383,"cBioPortal,COSMIC,saturation",0.60949,0.68571,-0.2345641466507114,Neutral,Neutral,False,0.006,-0.0121,-0.58912,Neutral,,,,,Uncertain,Uncertain,58.9,,False,58.9,,neutral,neutral,neutral,UP,neutral,,,,84.39,H,-0.1869,2.5943,-21.8538,loss_of_function,-2.17818685752017,0.6949795070982421,0.6819445297445782,Pathogenic,0.2524,benign,https://doi.org/10.1101/2022.10.22.513328
A589V,NP_001070666:p.Ala589Val,,,,,"saturation,clinvar",1.20888,-0.22823,-0.0985506979131728,Neutral,Neutral,False,0.004,,,Uncertain,,,,,Uncertain,Uncertain,48.4,,True,48.4,,neutral,neutral,neutral,UP,neutral,2484728,Uncertain significance,1,77.57,H,0.0658,3.0979,-4.7932,gain_of_function,-0.785655258084121,0.8602031314862393,0.0096019189195464,Benign,0.0838,benign,https://doi.org/10.1101/2022.10.22.513328
A591D,NP_001070666:p.Ala591Asp,"hg19,2:g.220087443G>T",,,0.135,"cBioPortal,saturation",2.01831,2.90986,0.8374428270117401,Uncertain,Uncertain,False,0.007,,,,,,,,,,5.4,,True,5.4,,neutral,neutral,neutral,UP,neutral,,,,65.74,H,-0.0387,3.2789,-6.1848,loss_of_function,-0.323270140021179,0.9150650427709605,0.0037773604090198,Benign,0.1726,benign,https://doi.org/10.1101/2022.10.22.513328
S592G,NP_001070666:p.Ser592Gly,"hg19,2:g.220087441T>C, hg38,2:g.219222719T>C",0.0585462190227432,0.0882713625033063,0.037,"cBioPortal,COSMIC,saturation",0.63055,0.68265,0.7501619674603385,Neutral,Neutral,False,0.009,,,Uncertain,,,,,Uncertain,Uncertain,66.7,,True,66.7,,uncertain,,,DOWN,neutral,,,,64.08,H,0.1261,3.4458,-2.8931,gain_of_function,0.0214819681597248,0.9559698185420237,0.0007568853920744,Benign,0.0536,benign,https://doi.org/10.1101/2022.10.22.513328
A594S,NP_001070666:p.Ala594Ser,"hg19,2:g.220087435C>A, hg38,2:g.219222713C>A",,,0.021,"cBioPortal,COSMIC,saturation",-0.10345,0.44456,0.3575593736795934,Neutral,Neutral,False,0.011,,,Uncertain,,,,,Uncertain,Uncertain,86.4,,False,86.4,,neutral,neutral,neutral,-,uncertain,,,,52.64,H,0.1089,3.4623,-3.509,gain_of_function,-0.554631388998624,0.8876140720967809,0.0013585652824436,Benign,0.0673,benign,https://doi.org/10.1101/2022.10.22.513328
G596E,NP_001070666:p.Gly596Glu,"hg19,2:g.220087428C>T, hg38,2:g.219222706C>T",,4.0075984066e-06,0.144,"cBioPortal,COSMIC,saturation",0.58852,-0.48231,-0.2042282889671437,Neutral,Neutral,False,0.006,,,Uncertain,,,,,Uncertain,Uncertain,105.2,,False,105.2,,neutral,neutral,neutral,UP,neutral,,,,39.53,T,-0.0429,3.378,-4.6949,loss_of_function,-0.872731283897548,0.8498715766489748,,,0.0966,benign,https://doi.org/10.1101/2022.10.22.513328
L598M,NP_001070666:p.Leu598Met,"hg19,2:g.220087423G>T, hg38,2:g.219222701G>T",,,0.032,"cBioPortal,COSMIC,saturation",-0.05336,1.34524,0.5001054848524047,Neutral,Neutral,False,0.005,,,Uncertain,,,,,Uncertain,Uncertain,103.7,,False,103.7,,neutral,neutral,neutral,-,uncertain,,,,28.9,S,0.0519,3.0107,-4.2587,gain_of_function,-0.174509509573715,0.9327154648789595,,,0.0897,benign,https://doi.org/10.1101/2022.10.22.513328
P600L,NP_001070666:p.Pro600Leu,"hg19,2:g.220087416G>A, hg38,2:g.219222694G>A",,,0.061,"cBioPortal,COSMIC,saturation",1.21421,1.16701,-0.5688961591272468,Neutral,Neutral,False,0.006,,,Uncertain,,,,,Uncertain,Uncertain,81.6,,False,81.6,,neutral,neutral,neutral,UP,neutral,,,,31.08,-,-0.0013,3.1516,-5.5648,loss_of_function,-0.596964240332578,0.8825912868824944,,,0.1611,benign,https://doi.org/10.1101/2022.10.22.513328
P600S,NP_001070666:p.Pro600Ser,,,,,"saturation,clinvar",1.77722,1.2534,-0.2145604076258006,Neutral,Neutral,False,0.006,,,Uncertain,,,,,Uncertain,Uncertain,81.6,,False,81.6,,neutral,neutral,neutral,DOWN,neutral,2457148,Uncertain significance,1,31.08,-,0.0619,3.1516,-2.7922,gain_of_function,-0.27317459743177,0.921008869909718,,,0.0871,benign,https://doi.org/10.1101/2022.10.22.513328
A603V,NP_001070666:p.Ala603Val,"hg19,2:g.220087407G>A",,,0.08,"cBioPortal,saturation",0.49139,0.15952,-0.310162755364175,Neutral,Neutral,False,0.012,,,Uncertain,,,,,Uncertain,Uncertain,92.7,,False,92.7,,neutral,neutral,neutral,UP,neutral,,,,33.04,H,0.0572,3.0682,-5.9354,gain_of_function,-1.25904191444841,0.8040358896562523,,,0.1096,benign,https://doi.org/10.1101/2022.10.22.513328
L604I,NP_001070666:p.Leu604Ile,"hg19,2:g.220087405G>T",,,0.119,"cBioPortal,saturation",0.53266,0.17721,0.5569861769904935,Neutral,Neutral,False,0.015,,,Uncertain,,,,,Uncertain,Uncertain,102.7,,False,102.7,,neutral,neutral,neutral,-,uncertain,,,,30.56,H,0.0293,2.5284,-4.5522,gain_of_function,-0.30233283773803,0.9175492499297279,,,0.1343,benign,https://doi.org/10.1101/2022.10.22.513328
I608V,NP_001070666:p.Ile608Val,"hg19,2:g.220087393T>C",,4.0085301522e-06,0.007,"cBioPortal,saturation",0.34852,0.38605,0.4792735911505186,Neutral,Neutral,False,0.021,,,Uncertain,,,,,Uncertain,Uncertain,85.9,,False,85.9,,neutral,neutral,neutral,DOWN,neutral,,,,34.75,H,0.0625,2.6212,-4.0328,gain_of_function,-1.10358211858692,0.822481166538483,0.0014094738315996,Benign,0.1007,benign,https://doi.org/10.1101/2022.10.22.513328
Q609H,NP_001070666:p.Gln609His,"hg19,2:g.220087388C>A, hg38,2:g.219222666C>A",,,0.065,"cBioPortal,COSMIC,saturation",0.36328,0.96293,-0.3897416285184929,Neutral,Neutral,False,0.014,,,Uncertain,,,,,Uncertain,Uncertain,47.9,,False,47.9,,neutral,neutral,neutral,UP,neutral,,,,30.87,H,0.0976,3.2643,-2.99,gain_of_function,-0.43034999835607,0.9023600367946443,0.0017279466629881,Benign,0.1529,benign,https://doi.org/10.1101/2022.10.22.513328
E614K,NP_001070666:p.Glu614Lys,"hg19,2:g.220087375C>T",,,0.18,"cBioPortal,saturation",-0.05817,-0.04524,0.1334462223157412,Neutral,Neutral,False,0.002,,,Uncertain,,,,,Uncertain,Uncertain,110.5,,True,110.5,,neutral,neutral,neutral,UP,neutral,,,,33.32,T,0.0513,3.4479,-7.2094,gain_of_function,-0.615787810297407,0.8803578736839934,0.0082143541342995,Benign,0.3134,benign,https://doi.org/10.1101/2022.10.22.513328
E616D,NP_001070666:p.Glu616Asp,"hg19,2:g.220087367C>A, hg38,2:g.219222645C>A",,,0.13,"cBioPortal,COSMIC,saturation",0.95091,1.21565,0.1883558890123776,Neutral,Neutral,False,0.002,,,Uncertain,,,,,Uncertain,Uncertain,83.5,,True,83.5,,neutral,neutral,neutral,DOWN,neutral,,,,49.34,H,0.1051,3.2703,-4.5041,gain_of_function,-0.869925804004241,0.8502044463348818,0.0004308306807899,Benign,0.2332,benign,https://doi.org/10.1101/2022.10.22.513328
A626V,NP_001070666:p.Ala626Val,"hg19,2:g.220087144G>A, hg38,2:g.219222422G>A",,,0.047,"cBioPortal,COSMIC,saturation",0.62558,1.42279,0.0737828594791106,Neutral,Neutral,False,0.007,,,Uncertain,,,,,Uncertain,Uncertain,51.5,,True,51.5,,neutral,neutral,neutral,UP,neutral,,,,57.0,H,0.0719,3.0554,-2.8372,gain_of_function,-0.214375171888492,0.9279854111990696,,,0.1213,benign,https://doi.org/10.1101/2022.10.22.513328
S628L,NP_001070666:p.Ser628Leu,"hg19,2:g.220087138G>A, hg38,2:g.219222416G>A",,1.82293802922e-05,0.046,"cBioPortal,COSMIC,saturation",-0.65253,-1.51531,-1.1586595041152952,Neutral,Neutral,False,0.003,0.0,0.12941,Neutral,,,,,,,16.3,,True,16.3,,uncertain,,,UP,neutral,,,,48.52,T,-0.0253,2.7702,-7.0056,loss_of_function,-1.33009077552951,0.7956059550384578,,,0.1342,benign,https://doi.org/10.1101/2022.10.22.513328
S629F,NP_001070666:p.Ser629Phe,"hg19,2:g.220087135G>A, hg38,2:g.219222413G>A",,,0.089,"cBioPortal,COSMIC,saturation",-0.69827,-1.52211,-0.4642353001258337,Neutral,Neutral,False,0.004,,,Uncertain,,,,,Uncertain,Uncertain,48.7,,True,48.7,,uncertain,,,UP,neutral,,,,40.61,T,0.0178,3.2441,-6.9772,gain_of_function,-1.05999998522884,0.8276521788407526,,,0.1721,benign,https://doi.org/10.1101/2022.10.22.513328
R631Q,NP_001070666:p.Arg631Gln,"hg38,2:g.219222407C>T",,2.21225233835e-05,0.038,"COSMIC,saturation",-0.95151,-0.10374,0.3757076487394284,Neutral,Neutral,False,0.002,,,Uncertain,,,,,Uncertain,Uncertain,97.2,,False,97.2,,neutral,neutral,neutral,DOWN,destabilizing,,,,34.2,S,0.0374,3.5755,-4.0179,gain_of_function,-0.675057854362655,0.8733254935914608,,,0.071,benign,https://doi.org/10.1101/2022.10.22.513328
R637G,NP_001070666:p.Arg637Gly,,,,,"saturation,clinvar",-0.5619,0.72653,0.8307734274152584,Neutral,Neutral,False,0.002,0.98286,0.25504,Neutral,,,,,Uncertain,Uncertain,80.2,,False,80.2,,neutral,neutral,neutral,DOWN,neutral,2248390,Uncertain significance,1,53.0,H,-0.0658,3.0947,-3.6845,loss_of_function,-0.82637584621949,0.8553716410111498,,,0.0623,benign,https://doi.org/10.1101/2022.10.22.513328
D638Y,NP_001070666:p.Asp638Tyr,"hg19,2:g.220087109C>A, hg38,2:g.219222387C>A",,,0.101,"cBioPortal,COSMIC,saturation",-0.27868,0.51122,-0.2135122990119592,Neutral,Neutral,False,0.001,-0.24536,-0.67116,Neutral,,,,,Uncertain,Uncertain,76.7,,False,76.7,,neutral,neutral,neutral,UP,neutral,,,,51.93,H,-0.0333,3.0757,-7.0874,loss_of_function,-0.790703434663419,0.8596041662409839,,,0.1817,benign,https://doi.org/10.1101/2022.10.22.513328
Q640H,NP_001070666:p.Gln640His,"hg19,2:g.220087101C>A, hg38,2:g.219222379C>A",,,0.104,"cBioPortal,COSMIC,saturation",0.91982,0.8619,0.3044900776178344,Neutral,Neutral,False,0.002,-0.01724,-0.30996,Neutral,,,,,Uncertain,Uncertain,60.5,,False,60.5,,neutral,neutral,neutral,UP,neutral,,,,58.22,H,0.0782,3.1425,-4.6013,gain_of_function,-0.472228536075643,0.897391155809179,,,0.1019,benign,https://doi.org/10.1101/2022.10.22.513328
S642F,NP_001070666:p.Ser642Phe,"hg38,2:g.219222374G>A",,,0.199,"COSMIC,saturation",-0.23082,-1.56735,-1.166399650663256,Neutral,Neutral,False,0.001,-0.00468,0.02008,Neutral,,,,,Uncertain,Uncertain,67.0,P,False,67.0,0.072,damaging,neutral,uncertain,UP,neutral,,,,66.97,H,0.0219,3.2224,-5.7813,gain_of_function,-0.668165989447337,0.8741432121269416,,,0.1654,benign,https://doi.org/10.1101/2022.10.22.513328
R643G,NP_001070666:p.Arg643Gly,"hg19,2:g.220087094T>C",,,0.237,"cBioPortal,saturation",1.34432,2.20374,1.775819783945369,Uncertain,Neutral,False,0.001,,,Uncertain,,,,,Uncertain,Uncertain,54.4,,False,54.4,,neutral,neutral,neutral,DOWN,neutral,,,,67.54,H,-0.0157,3.7066,-4.9069,loss_of_function,-0.40900268269415,0.9048928919672274,,,0.0695,benign,https://doi.org/10.1101/2022.10.22.513328
R645M,NP_001070666:p.Arg645Met,"hg19,2:g.220087087C>A, hg38,2:g.219222365C>A",,,0.138,"cBioPortal,COSMIC,saturation",-1.3612,-0.61871,1.0417991114018366,Neutral,Neutral,False,0.002,,,,,,,,,,16.4,,False,16.4,,neutral,neutral,neutral,DOWN,neutral,,,,73.92,H,0.0468,3.7038,-5.7495,gain_of_function,-0.211210479365803,0.9283609013989933,,,0.1978,benign,https://doi.org/10.1101/2022.10.22.513328
A649V,NP_001070666:p.Ala649Val,"hg19,2:g.220087075G>A, hg38,2:g.219222353G>A",,0.0,0.142,"cBioPortal,COSMIC,saturation",5.64814,3.33197,1.4315770591562356,Destabilizing,Uncertain,False,0.007,,,,,,,,,,0.0,,False,0.0,,neutral,neutral,neutral,UP,neutral,,,,74.68,H,0.0456,2.8856,-4.9228,gain_of_function,-1.09739208983388,0.8232156123392514,,,0.1874,benign,https://doi.org/10.1101/2022.10.22.513328
L652V,NP_001070666:p.Leu652Val,"hg19,2:g.220087067G>C, hg38,2:g.219222345G>C",,,0.123,"cBioPortal,COSMIC,saturation",1.99668,1.87381,2.190075160996653,Neutral,Uncertain,False,0.008,,,,,,,,,,1.4,,True,1.4,,neutral,neutral,neutral,DOWN,neutral,,,,75.9,H,-0.0036,2.5487,-4.2479,loss_of_function,-1.00163614889693,0.8345770375483406,,,0.3551,ambiguous,https://doi.org/10.1101/2022.10.22.513328
R653C,NP_001070666:p.Arg653Cys,"hg19,2:g.220087064G>A, hg38,2:g.219222342G>A",,2.42514389187e-05,0.155,"cBioPortal,COSMIC,saturation",0.59812,1.10986,1.656976965458969,Neutral,Neutral,False,0.004,,,Uncertain,,,,,Uncertain,Uncertain,32.6,,True,32.6,,neutral,neutral,neutral,DOWN,neutral,,,,72.9,H,-0.0852,2.7832,-7.0552,loss_of_function,-0.0580250137846308,0.9465363294015852,,,0.1883,benign,https://doi.org/10.1101/2022.10.22.513328
R653G,NP_001070666:p.Arg653Gly,"hg19,2:g.220087064G>C, hg38,2:g.219222342G>C",,,0.182,"cBioPortal,COSMIC,saturation",0.65873,2.09116,1.9529375371951048,Uncertain,Neutral,False,0.004,,,Uncertain,,,,,Uncertain,Uncertain,32.6,,True,32.6,,neutral,neutral,neutral,DOWN,neutral,,,,72.9,H,-0.1036,2.7832,-5.4703,loss_of_function,-1.13083347895929,0.8192477975204658,,,0.2113,benign,https://doi.org/10.1101/2022.10.22.513328
R653H,NP_001070666:p.Arg653His,"hg19,2:g.220087063C>T",6.37064407212e-05,6.87401944134e-05,0.1,"cBioPortal,saturation",1.33823,1.92789,0.985679094057694,Neutral,Neutral,False,0.004,,,Uncertain,,,,,Uncertain,Uncertain,32.6,,True,32.6,,neutral,neutral,neutral,DOWN,neutral,,,,72.9,H,-0.0368,2.7832,-5.2479,loss_of_function,-0.762163180818193,0.8629904622382677,,,0.1437,benign,https://doi.org/10.1101/2022.10.22.513328
P657L,NP_001070666:p.Pro657Leu,"hg19,2:g.220087051G>A, hg38,2:g.219222329G>A",,4.0431811749e-06,0.203,"cBioPortal,COSMIC,saturation",0.57403,1.16905,-0.6475889496673615,Neutral,Neutral,False,0.004,,,Uncertain,,,,,Uncertain,Uncertain,94.4,,True,94.4,,neutral,neutral,neutral,UP,neutral,,,,43.25,-,-0.0621,2.5013,-5.7441,loss_of_function,-0.904677585732267,0.8460811536689413,,,0.1891,benign,https://doi.org/10.1101/2022.10.22.513328
P660L,NP_001070666:p.Pro660Leu,"hg19,2:g.220087042G>A",,,0.064,"cBioPortal,saturation",0.3076,0.85408,-0.6467538608141948,Neutral,Neutral,False,0.002,,,Uncertain,,,,,Uncertain,Uncertain,96.8,,False,96.8,,neutral,neutral,neutral,UP,stabilizing,,,,26.38,T,0.022,3.389,-5.2641,gain_of_function,-0.316708349751154,0.9158435980090078,,,0.0858,benign,https://doi.org/10.1101/2022.10.22.513328
G661W,NP_001070666:p.Gly661Trp,"hg19,2:g.220087040C>A",,,0.11,"cBioPortal,saturation",2.05962,0.10986,0.5675870825773257,Uncertain,Uncertain,False,0.001,,,Uncertain,,,,,Uncertain,Uncertain,100.2,,False,100.2,,neutral,neutral,neutral,UP,stabilizing,,,,26.93,T,-0.1929,3.0845,-21.343,loss_of_function,-1.25547617462174,0.8044589640468267,,,0.1472,benign,https://doi.org/10.1101/2022.10.22.513328
A663V,NP_001070666:p.Ala663Val,"hg19,2:g.220087033G>A, hg38,2:g.219222311G>A",6.37145587767e-05,0.0001578909014356,0.017,"cBioPortal,COSMIC,saturation,clinvar",-0.11017,-0.30204,-0.6663437491825774,Neutral,Neutral,False,0.002,,,Uncertain,,,,,Uncertain,Uncertain,101.3,,False,101.3,,neutral,neutral,neutral,UP,neutral,2461634,Likely benign,1,22.65,-,0.1177,3.669,-4.9281,gain_of_function,-0.0424359662908868,0.9483859670893161,,,0.0653,benign,https://doi.org/10.1101/2022.10.22.513328
P664T,NP_001070666:p.Pro664Thr,"hg19,2:g.220087031G>T",,,0.029,"cBioPortal,saturation",0.31413,0.88197,-0.2430571013592325,Neutral,Neutral,False,0.002,,,Uncertain,,,,,Uncertain,Uncertain,89.0,,False,89.0,,neutral,neutral,neutral,-,uncertain,,,,29.19,-,0.0337,3.143,-5.7708,gain_of_function,-0.07178675472473,0.9449035013085404,,,0.0633,benign,https://doi.org/10.1101/2022.10.22.513328
R667W,NP_001070666:p.Arg667Trp,"hg19,2:g.220087022G>A, hg38,2:g.219222300G>A",,5.66530969011e-05,0.132,"cBioPortal,COSMIC,saturation",-0.0417,1.02823,0.033366464776588,Neutral,Neutral,False,0.001,,,Uncertain,,,,,Uncertain,Uncertain,99.7,,True,99.7,,neutral,neutral,neutral,UP,destabilizing,,,,24.66,-,-0.103,3.4781,-21.3376,loss_of_function,-1.0578667573334,0.827905285947746,,,0.1142,benign,https://doi.org/10.1101/2022.10.22.513328
A668D,NP_001070666:p.Ala668Asp,"hg19,2:g.220087018G>T, hg38,2:g.219222296G>T",,,0.04,"cBioPortal,COSMIC,saturation",-1.42313,-0.13367,-0.4519304522551581,Neutral,Neutral,False,0.002,,,Uncertain,,,,,Uncertain,Uncertain,102.6,,True,102.6,,neutral,neutral,neutral,UP,mixed_effects,,,,27.2,-,-0.002,3.5858,-4.5183,loss_of_function,-0.318848459611661,0.9155896743580941,,,0.1279,benign,https://doi.org/10.1101/2022.10.22.513328
S670N,NP_001070666:p.Ser670Asn,"hg19,2:g.220087012C>T, hg38,2:g.219222290C>T",,,0.075,"cBioPortal,COSMIC,saturation",-0.74245,-0.70782,-0.6006945103191536,Neutral,Neutral,False,0.005,,,Uncertain,,,,,Uncertain,Uncertain,107.6,,True,107.6,,uncertain,,,UP,destabilizing,,,,30.2,-,0.0631,3.0503,-5.5495,gain_of_function,-0.0746896635494075,0.9445590716974095,,,0.111,benign,https://doi.org/10.1101/2022.10.22.513328
G674D,NP_001070666:p.Gly674Asp,"hg19,2:g.220087000C>T",,,0.115,"cBioPortal,saturation",3.36019,-0.61871,1.3580253391740873,Uncertain,Uncertain,False,0.002,,,Uncertain,,,,,Uncertain,Uncertain,97.1,,False,97.1,,neutral,neutral,neutral,UP,neutral,,,,29.29,-,-0.1066,2.8298,-7.1497,loss_of_function,-0.338919904031052,0.9132082010794863,,,0.3059,benign,https://doi.org/10.1101/2022.10.22.513328
S675C,NP_001070666:p.Ser675Cys,"hg19,2:g.220086997G>C, hg38,2:g.219222275G>C",,,0.101,"cBioPortal,COSMIC,saturation",0.3861,0.76122,0.4845487864915204,Neutral,Neutral,False,0.002,,,Uncertain,,,,,Uncertain,Uncertain,92.8,P,False,92.8,0.678,damaging,neutral,uncertain,UP,destabilizing,,,,31.73,-,0.0205,2.9819,-7.1292,gain_of_function,-0.298648397063022,0.9179864081546572,,,0.102,benign,https://doi.org/10.1101/2022.10.22.513328
G676R,NP_001070666:p.Gly676Arg,,,,,"saturation,clinvar",3.53726,2.94048,0.6482320372211672,Uncertain,Uncertain,False,0.003,,,Uncertain,,,,,Uncertain,Uncertain,106.9,,False,106.9,,neutral,neutral,neutral,UP,destabilizing,2292590,Uncertain significance,1,25.62,-,-0.1121,2.8562,-5.5183,loss_of_function,-0.522707204570488,0.8914018708504922,,,0.5031,ambiguous,https://doi.org/10.1101/2022.10.22.513328
A679V,NP_001070666:p.Ala679Val,"hg19,2:g.219222159G>A, hg19,2:g.220086881G>A, hg38,2:g.219222159G>A",,4.0251491318e-06,0.108,"cBioPortal,COSMIC,saturation",0.83856,-0.10544,-0.3556065307595607,Neutral,Neutral,False,0.007,,,Uncertain,,,,,Uncertain,Uncertain,98.1,,False,98.1,,neutral,neutral,neutral,UP,destabilizing,,,,30.49,-,0.0776,3.2547,-5.3168,gain_of_function,-0.797978441458099,0.8587409879902704,,,0.1463,benign,https://doi.org/10.1101/2022.10.22.513328
A682G,NP_001070666:p.Ala682Gly,"hg19,2:g.220086872G>C, hg38,2:g.219222150G>C",,,0.037,"cBioPortal,COSMIC,saturation",0.10459,0.54014,0.1890507685934905,Neutral,Neutral,False,0.004,,,Uncertain,,,,,Uncertain,Uncertain,86.8,,True,86.8,,neutral,neutral,neutral,DOWN,neutral,,,,25.24,-,0.0855,3.5785,-4.5443,gain_of_function,-0.379316448817599,0.9084151582895859,,,0.1157,benign,https://doi.org/10.1101/2022.10.22.513328
E690K,NP_001070666:p.Glu690Lys,"hg19,2:g.220086849C>T",,,0.234,"cBioPortal,saturation",0.15745,0.3881,0.1584894358777211,Neutral,Neutral,False,0.004,,,Uncertain,,,,,Uncertain,Uncertain,69.1,,False,69.1,,neutral,neutral,neutral,UP,neutral,,,,31.62,H,-0.0397,2.4959,-7.8764,loss_of_function,-1.09537165786956,0.8234553362292584,,,0.6976,pathogenic,https://doi.org/10.1101/2022.10.22.513328
S707N,NP_001070666:p.Ser707Asn,"hg38,2:g.219222075C>T",,4.0141619634e-06,0.162,"COSMIC,saturation",1.99545,-1.01429,-0.4017588021354601,Neutral,Neutral,False,0.005,,,,,,,,,,3.9,,False,3.9,,uncertain,,,UP,neutral,,,,88.7,H,-0.1362,0.8736,-5.3424,loss_of_function,-2.00054438020961,0.7160567551537979,,,0.8486,pathogenic,https://doi.org/10.1101/2022.10.22.513328
L711I,NP_001070666:p.Leu711Ile,"hg19,2:g.220086786G>T",,,0.108,"cBioPortal,saturation",0.48721,1.11463,1.6687110119127404,Neutral,Neutral,False,0.021,,,,,,,,,,1.2,,False,1.2,,neutral,neutral,neutral,-,uncertain,,,,87.95,H,-0.0824,1.1628,-1.8099,loss_of_function,-0.725162331361632,0.8673806063866113,,,0.1546,benign,https://doi.org/10.1101/2022.10.22.513328
M713I,NP_001070666:p.Met713Ile,"hg19,2:g.220086778C>T",,,0.089,"cBioPortal,saturation",2.83128,1.08537,1.0352566717974756,Uncertain,Uncertain,False,0.026,0.0,-0.10541,Neutral,,,,,,,1.0,,True,1.0,,neutral,neutral,neutral,-,uncertain,,,,89.09,H,-0.0838,1.5072,-3.3275,loss_of_function,-0.402666322873053,0.9056446999229623,,,0.639,pathogenic,https://doi.org/10.1101/2022.10.22.513328
L716V,NP_001070666:p.Leu716Val,"hg19,2:g.220086024G>C",,,0.083,"cBioPortal,saturation",0.32181,1.23095,0.9535254719409936,Neutral,Neutral,False,0.018,0.00186,0.42735,Neutral,,,,,,,12.6,,False,12.6,,neutral,neutral,neutral,DOWN,neutral,,,,84.52,H,-0.1014,1.4269,-3.1983,loss_of_function,-0.336755338181146,0.9134650264291535,,,0.1164,benign,https://doi.org/10.1101/2022.10.22.513328
A721D,NP_001070666:p.Ala721Asp,"hg38,2:g.219221286G>T",,,0.206,"COSMIC,saturation",1.14333,1.37075,0.7224644082752787,Neutral,Neutral,False,0.006,0.58626,0.53061,Neutral,,,,,Uncertain,Uncertain,55.5,,False,55.5,,neutral,neutral,neutral,UP,neutral,,,,72.61,H,-0.144,2.9604,-21.0756,loss_of_function,-1.00169558918652,0.8345699849686471,,,0.2513,benign,https://doi.org/10.1101/2022.10.22.513328
A721G,NP_001070666:p.Ala721Gly,"hg19,2:g.220086008G>C",,,0.108,"cBioPortal,saturation",0.93544,1.30408,1.1970112638635813,Neutral,Neutral,False,0.006,0.4655,-0.18024,Neutral,,,,,Uncertain,Uncertain,55.5,,False,55.5,,neutral,neutral,neutral,DOWN,neutral,,,,72.61,H,0.0222,2.9604,-5.7879,gain_of_function,-1.13228667559352,0.8190753760005858,,,0.0814,benign,https://doi.org/10.1101/2022.10.22.513328
P725L,NP_001070666:p.Pro725Leu,,,,,saturation,0.24444,0.55408,-0.5908279455243298,Neutral,Neutral,False,0.001,,,Uncertain,,,,,Uncertain,Uncertain,97.1,,False,97.1,,neutral,neutral,neutral,UP,neutral,,,,34.36,-,-0.011,2.8459,-1.9532,loss_of_function,-0.0467774729815346,0.9478708480995394,,,0.1018,benign,https://doi.org/10.1101/2022.10.22.513328
