Mutation,HGVSp,HGVSg,gnomAD genome allele frequency,gnomAD exome allele frequency,REVEL score,Mutation sources,"Stability (FoldX5, alphafold, kcal/mol)","Stability (Rosetta Cartddg2020, alphafold, kcal/mol)","Stability (RaSP, alphafold, kcal/mol)","Stability classification, alphafold, (Rosetta, FoldX)","Stability classification, alphafold, (RaSP, FoldX)",EFoldMine - part of early folding region,EFoldMine score,Relative Side Chain Solvent Accessibility in wild-type,PTMs,is site part of phospho-SLiM,PTM residue SASA (%),"Change in stability with PTM (FoldX5, kcal/mol)",PTM effect in regulation,PTM effect in stability,PTM effect in function,AlloSigma2 mutation type,AlloSigma2 predicted consequence - pockets and interfaces,ClinVar Variation ID,ClinVar Interpretation,ClinVar Review Status,AlphaFold2 model pLDDT score,AlphaFold2 model secondary structure,DeMaSk delta fitness,DeMaSk Shannon entropy,DeMaSk log2 variant frequency,DeMaSk predicted consequence,GEMME Score,GEMME Score (rank-normalized),AlphaMissense pathogenicity score,AlphaMissense classification,References
Q10H,NP_443714:p.Gln10His,"hg19,16:g.89753148G>C, hg38,16:g.89686740G>C",,4.1120450022e-06,0.065,"cBioPortal,COSMIC,saturation",0.28746,1.42891,-0.3256548334682879,Neutral,Neutral,True,0.184,77.7,,False,77.7,,neutral,neutral,neutral,UP,neutral,,,,67.09,-,-0.0371,2.7373,-19.8877,loss_of_function,-0.0338092093740531,0.8830944836331028,0.1514,benign,https://doi.org/10.1101/2022.10.22.513328
I11M,NP_443714:p.Ile11Met,"hg19,16:g.89753151C>G",,,0.167,"cBioPortal,saturation",-0.50252,1.35884,0.847356300421351,Neutral,Neutral,True,0.296,28.6,,False,28.6,,neutral,neutral,neutral,-,uncertain,,,,71.41,-,-0.1634,1.5468,-20.002,loss_of_function,-0.239747132248161,0.8680486192236508,0.1722,benign,https://doi.org/10.1101/2022.10.22.513328
I11T,NP_443714:p.Ile11Thr,"hg19,16:g.89753150T>C, hg38,16:g.89686742T>C",,,0.142,"cBioPortal,COSMIC,saturation",0.80741,2.36769,1.6508044532099426,Uncertain,Neutral,True,0.296,28.6,,False,28.6,,neutral,neutral,neutral,DOWN,neutral,,,,71.41,-,-0.1621,1.5468,-6.7141,loss_of_function,-0.140250124513657,0.8753178898204739,0.7234,pathogenic,https://doi.org/10.1101/2022.10.22.513328
R12C,NP_443714:p.Arg12Cys,"hg19,16:g.89753152C>T, hg38,16:g.89686744C>T",3.1912177687e-05,2.46147787131e-05,0.174,"cBioPortal,COSMIC,saturation",0.25251,1.02109,1.3509199662267262,Neutral,Neutral,True,0.341,59.6,,False,59.6,,neutral,neutral,neutral,DOWN,neutral,,,,77.34,E,-0.1966,1.5539,-6.7278,loss_of_function,-0.0449856761105914,0.8822779288152828,0.2113,benign,https://doi.org/10.1101/2022.10.22.513328
R12H,NP_443714:p.Arg12His,"hg19,16:g.89753153G>A",,,0.179,"cBioPortal,saturation",1.33605,0.91156,0.4244766703855451,Neutral,Neutral,True,0.341,59.6,,False,59.6,,neutral,neutral,neutral,DOWN,neutral,,,,77.34,E,-0.1575,1.5539,-6.7278,loss_of_function,-0.152228738726436,0.8744427299531541,0.1467,benign,https://doi.org/10.1101/2022.10.22.513328
L13M,NP_443714:p.Leu13Met,"hg19,16:g.89753155C>A, hg38,16:g.89686747C>A",3.19529652352e-05,2.04770329598e-05,0.269,"COSMIC,saturation,clinvar",-0.24157,0.3466,0.5373664091010174,Neutral,Neutral,True,0.378,63.1,,False,63.1,,neutral,neutral,neutral,-,uncertain,2293026,Uncertain significance,1,76.89,E,-0.216,0.9805,-20.1457,loss_of_function,-0.157195302116413,0.8740798718728954,0.2994,benign,https://doi.org/10.1101/2022.10.22.513328
K14R,NP_443714:p.Lys14Arg,"hg19,16:g.89753159A>G, hg38,16:g.89686751A>G",,8.1772835064e-06,0.042,"saturation,clinvar",0.2269,0.28741,0.2206088261204203,Neutral,Neutral,True,0.32,66.1,,True,66.1,,neutral,neutral,neutral,-,uncertain,2245381,Uncertain significance,1,79.6,E,0.029,2.0903,-4.0506,gain_of_function,-0.0173774201636709,0.8842949933256049,0.0772,benign,https://doi.org/10.1101/2022.10.22.513328
G20S,NP_443714:p.Gly20Ser,"hg19,16:g.89753176G>A",3.19223648088e-05,3.27474272802e-05,0.064,"cBioPortal,saturation",-0.83016,0.88707,-0.2305839675720677,Neutral,Neutral,False,0.032,81.5,,False,81.5,,neutral,neutral,neutral,UP,neutral,,,,79.12,E,-0.0733,2.4468,-4.3808,loss_of_function,0.0302052991037403,0.8877713959829636,0.1429,benign,https://doi.org/10.1101/2022.10.22.513328
P26R,NP_443714:p.Pro26Arg,"hg19,16:g.89753195C>G, hg38,16:g.89686787C>G",,,0.195,"cBioPortal,COSMIC,saturation",2.12077,1.27109,-0.5202826471680772,Uncertain,Uncertain,False,0.016,69.3,,False,69.3,,neutral,neutral,neutral,UP,destabilizing,,,,75.36,H,-0.0678,2.6715,-5.8073,loss_of_function,-0.193586902424497,0.8714210945275829,0.0898,benign,https://doi.org/10.1101/2022.10.22.513328
R29K,NP_443714:p.Arg29Lys,"hg19,16:g.89753204G>A, hg38,16:g.89686796G>A",,8.5134640434e-06,0.184,"saturation,clinvar",0.82391,1.2415,1.3191345080335417,Neutral,Neutral,False,0.024,32.3,,False,32.3,,neutral,neutral,neutral,-,uncertain,2230525,Uncertain significance,1,69.99,H,0.0411,2.7595,-5.1352,gain_of_function,-0.0495050462540665,0.8819477427599616,0.2133,benign,https://doi.org/10.1101/2022.10.22.513328
R29M,NP_443714:p.Arg29Met,"hg19,16:g.89753204G>T, hg38,16:g.89686796G>T",,,0.242,"cBioPortal,COSMIC,saturation",-0.48787,0.68265,0.4893191555423998,Neutral,Neutral,False,0.024,32.3,,False,32.3,,neutral,neutral,neutral,DOWN,neutral,,,,69.99,H,-0.0279,2.7595,-3.3576,loss_of_function,-0.876922264826001,0.8214964810062456,0.4295,ambiguous,https://doi.org/10.1101/2022.10.22.513328
C33Y,NP_443714:p.Cys33Tyr,"hg19,16:g.89755670G>A, hg38,16:g.89689262G>A",,,0.577,"cBioPortal,saturation,clinvar",-1.26492,-1.00306,-0.9918099085491612,Neutral,Neutral,False,0.037,47.0,,True,47.0,,neutral,neutral,neutral,UP,neutral,2271184,Uncertain significance,1,87.74,-,-0.4843,0.1183,-22.1111,loss_of_function,-3.11442317196542,0.6580242326946731,0.9789,pathogenic,https://doi.org/10.1101/2022.10.22.513328
R34Q,NP_443714:p.Arg34Gln,"hg19,16:g.89755673G>A, hg38,16:g.89689265G>A",6.37023824691e-05,1.99044585987e-05,0.404,"cBioPortal,COSMIC,saturation,clinvar",3.80347,2.82891,1.0490450306983718,Uncertain,Uncertain,False,0.03,27.5,,True,27.5,,neutral,neutral,neutral,DOWN,stabilizing,2402344,Uncertain significance,1,91.88,-,-0.3744,0.1041,-22.1174,loss_of_function,-3.02381180799232,0.6646443164425712,0.7768,pathogenic,https://doi.org/10.1101/2022.10.22.513328
R34W,NP_443714:p.Arg34Trp,"hg19,16:g.89755672C>T, hg38,16:g.89689264C>T",,3.9806381759e-06,0.459,"cBioPortal,COSMIC,saturation",3.8398,3.00884,0.3853789810505509,Destabilizing,Uncertain,False,0.03,27.5,,True,27.5,,neutral,neutral,neutral,UP,neutral,,,,91.88,-,-0.4174,0.1041,-22.1174,loss_of_function,-4.19950143554346,0.578748205241395,0.9421,pathogenic,https://doi.org/10.1101/2022.10.22.513328
S35N,NP_443714:p.Ser35Asn,"hg19,16:g.89755676G>A, hg38,16:g.89689268G>A",,,0.122,"cBioPortal,COSMIC,saturation",0.07252,0.11837,-0.087531129093093,Neutral,Neutral,False,0.046,23.2,,True,23.2,,uncertain,,,UP,neutral,,,,92.0,B,-0.0737,1.5698,-5.663,loss_of_function,-0.629231540501477,0.8395928131516559,0.2811,benign,https://doi.org/10.1101/2022.10.22.513328
K37N,NP_443714:p.Lys37Asn,"hg19,16:g.89755683G>T, hg38,16:g.89689275G>T",,,0.041,"cBioPortal,COSMIC,saturation",0.28197,-0.34082,0.4867134120890248,Neutral,Neutral,False,0.06,75.4,,True,75.4,,neutral,neutral,neutral,DOWN,neutral,,,,92.78,G,0.0139,2.8887,-4.8297,gain_of_function,-1.03554084690897,0.8099077767718205,0.6704,pathogenic,https://doi.org/10.1101/2022.10.22.513328
E38K,NP_443714:p.Glu38Lys,"hg19,16:g.89755684G>A",,,0.374,"cBioPortal,saturation",2.04526,2.44932,0.5364130146131596,Uncertain,Uncertain,False,0.065,34.9,,True,34.9,,neutral,neutral,neutral,UP,neutral,,,,94.54,G,-0.1862,0.9569,-8.8328,loss_of_function,-2.25845210425883,0.7205616441795903,0.738,pathogenic,https://doi.org/10.1101/2022.10.22.513328
E40Q,NP_443714:p.Glu40Gln,"hg19,16:g.89755690G>C, hg38,16:g.89689282G>C",3.18552497452e-05,,0.243,"cBioPortal,COSMIC,saturation",0.3632,-0.02721,0.5091111083701905,Neutral,Neutral,False,0.15,63.1,,True,63.1,,neutral,neutral,neutral,UP,neutral,,,,96.68,E,-0.0776,1.2185,-1.9781,loss_of_function,-1.61704357850717,0.767423074919695,0.2217,benign,https://doi.org/10.1101/2022.10.22.513328
L42P,NP_443714:p.Leu42Pro,"hg19,16:g.89755697T>C",,,0.656,"cBioPortal,saturation",5.97337,4.63401,4.8151119188049805,Destabilizing,Destabilizing,False,0.166,25.4,,True,25.4,,neutral,neutral,neutral,DOWN,destabilizing,,,,94.74,E,-0.4666,0.3879,-22.1238,loss_of_function,-4.85881182907594,0.5305788605845768,0.9924,pathogenic,https://doi.org/10.1101/2022.10.22.513328
R44C,NP_443714:p.Arg44Cys,"hg19,16:g.89755702C>T",,2.38836389112e-05,0.635,"cBioPortal,saturation",0.46356,1.0983,1.085005526554727,Neutral,Neutral,False,0.032,47.2,,True,47.2,,neutral,neutral,neutral,DOWN,neutral,,,,90.4,E,-0.2625,0.9544,-8.8359,loss_of_function,-3.62895567010225,0.6204323890304253,0.8613,pathogenic,https://doi.org/10.1101/2022.10.22.513328
R44S,NP_443714:p.Arg44Ser,"hg19,16:g.89755702C>A, hg38,16:g.89689294C>A",,,0.58,"cBioPortal,COSMIC,saturation",1.09646,1.59932,1.079240381340834,Neutral,Neutral,False,0.032,47.2,,True,47.2,,neutral,neutral,neutral,DOWN,neutral,,,,90.4,E,-0.2542,0.9544,-8.8359,loss_of_function,-3.69417876123283,0.6156671773985883,0.99,pathogenic,https://doi.org/10.1101/2022.10.22.513328
G51D,NP_443714:p.Gly51Asp,"hg19,16:g.89755724G>A, hg38,16:g.89689316G>A",,,0.724,"cBioPortal,COSMIC,saturation",8.25104,2.79048,3.9340391865838766,Uncertain,Destabilizing,False,0.108,1.5,,True,1.5,,neutral,neutral,neutral,UP,neutral,,,,71.62,E,-0.4334,0.1083,-22.1206,loss_of_function,-7.46920948423422,0.3398627038606271,0.9988,pathogenic,https://doi.org/10.1101/2022.10.22.513328
G51S,NP_443714:p.Gly51Ser,"hg19,16:g.89755723G>A, hg38,16:g.89689315G>A",,3.9821599235e-06,0.69,"cBioPortal,COSMIC,saturation",3.86472,3.03401,3.3085811764458595,Destabilizing,Destabilizing,False,0.108,1.5,,True,1.5,,neutral,neutral,neutral,UP,neutral,,,,71.62,E,-0.379,0.1083,-22.1206,loss_of_function,-4.35044124615022,0.5677205135337051,0.9823,pathogenic,https://doi.org/10.1101/2022.10.22.513328
I52F,NP_443714:p.Ile52Phe,"hg19,16:g.89755726A>T",,,0.6,"cBioPortal,saturation",1.06584,0.72075,0.2748546266773638,Neutral,Neutral,True,0.221,32.9,,True,32.9,,neutral,neutral,neutral,UP,neutral,,,,85.83,E,-0.2851,1.1038,-22.1206,loss_of_function,-3.95121384866144,0.5968881442805033,0.8433,pathogenic,https://doi.org/10.1101/2022.10.22.513328
R55Q,NP_443714:p.Arg55Gln,"hg19,16:g.89756964G>A",,,,"cBioPortal,saturation",0.27491,0.2619,1.4256690683917097,Neutral,Neutral,False,0.128,29.1,,True,29.1,,neutral,neutral,neutral,DOWN,neutral,,,,95.22,E,-0.2883,0.2168,-7.2823,loss_of_function,-3.75242803541222,0.61141147417977,0.8276,pathogenic,https://doi.org/10.1101/2022.10.22.513328
R55W,NP_443714:p.Arg55Trp,"hg19,16:g.89756963C>T, hg38,16:g.89690555C>T",6.37308010962e-05,3.9783577339e-06,0.683,"cBioPortal,COSMIC,saturation",1.58247,0.39286,0.4290203563378653,Neutral,Neutral,False,0.128,29.1,,True,29.1,,neutral,neutral,neutral,UP,neutral,,,,95.22,E,-0.4072,0.2168,-22.155,loss_of_function,-5.92118172244824,0.45296191104325795,0.9636,pathogenic,https://doi.org/10.1101/2022.10.22.513328
R57L,NP_443714:p.Arg57Leu,"hg38,16:g.89690562G>T",,,,"COSMIC,saturation",-0.27696,0.25204,0.5216437375121005,Neutral,Neutral,False,0.037,41.4,,True,41.4,,neutral,neutral,neutral,DOWN,neutral,,,,98.01,E,-0.2051,1.3814,-6.5453,loss_of_function,-1.49032038042352,0.776681496240494,0.5544,ambiguous,https://doi.org/10.1101/2022.10.22.513328
R57W,NP_443714:p.Arg57Trp,"hg19,16:g.89756969C>T, hg38,16:g.89690561C>T",,8.35408594365e-05,0.518,"saturation,clinvar",2.55305,1.16701,0.6301973245668065,Uncertain,Uncertain,False,0.037,41.4,,True,41.4,,neutral,neutral,neutral,UP,neutral,1030107,Uncertain significance,2,98.01,E,-0.3001,1.3814,-22.155,loss_of_function,-3.56717531581886,0.6249460736434533,0.4522,ambiguous,https://doi.org/10.1101/2022.10.22.513328
D62H,NP_443714:p.Asp62His,"hg19,16:g.89756984G>C, hg38,16:g.89690576G>C",,,0.081,"cBioPortal,COSMIC,saturation",1.07872,0.32041,-0.2439758926622454,Neutral,Neutral,False,0.031,80.4,,True,80.4,,neutral,neutral,neutral,UP,neutral,,,,96.37,-,-0.0974,1.9621,-6.5453,loss_of_function,-1.23461137869085,0.7953636452815817,0.2269,benign,https://doi.org/10.1101/2022.10.22.513328
E63Q,NP_443714:p.Glu63Gln,"hg19,16:g.89756987G>C",,,0.368,"cBioPortal,saturation",0.10062,0.77211,0.484084743430398,Neutral,Neutral,False,0.072,62.2,,True,62.2,,neutral,neutral,neutral,UP,neutral,,,,96.84,-,-0.0971,1.1532,-4.6193,loss_of_function,-1.28963729380769,0.7913434412982673,0.164,benign,https://doi.org/10.1101/2022.10.22.513328
I64V,NP_443714:p.Ile64Val,"hg19,16:g.89756990A>G, hg38,16:g.89690582A>G",,,0.076,"cBioPortal,COSMIC,saturation",0.97715,0.62177,0.4814916744664671,Neutral,Neutral,True,0.192,29.9,,True,29.9,,neutral,neutral,neutral,DOWN,neutral,,,,96.72,E,-0.104,0.7672,-3.2234,loss_of_function,-0.137541270222144,0.8755157992380607,0.1107,benign,https://doi.org/10.1101/2022.10.22.513328
A66T,NP_443714:p.Ala66Thr,"hg19,16:g.89756996G>A, hg38,16:g.89690588G>A",3.1849162367e-05,1.19324148026e-05,0.895,"cBioPortal,COSMIC,saturation",0.3278,1.02891,0.7526851285261701,Neutral,Neutral,True,0.323,12.2,,False,12.2,,neutral,neutral,neutral,UP,neutral,,,,95.54,E,-0.2349,0.0883,-8.8671,loss_of_function,-5.03526262389282,0.5176873314446147,0.9838,pathogenic,https://doi.org/10.1101/2022.10.22.513328
K68N,NP_443714:p.Lys68Asn,"hg38,16:g.89690596G>T",,,0.842,"COSMIC,saturation",0.95446,2.41088,0.847651335367402,Uncertain,Neutral,True,0.289,10.2,,True,10.2,,neutral,neutral,neutral,DOWN,neutral,,,,91.13,E,-0.3362,0.0442,-22.155,loss_of_function,-8.12757888703563,0.2917621081683154,0.9998,pathogenic,https://doi.org/10.1101/2022.10.22.513328
V70L,NP_443714:p.Val70Leu,"hg19,16:g.89757008G>T, hg38,16:g.89690600G>T",,,0.291,"cBioPortal,COSMIC,saturation",-0.75529,0.22993,0.3986770310636661,Neutral,Neutral,True,0.262,5.3,,True,5.3,,neutral,neutral,neutral,UP,neutral,,,,84.97,-,-0.1196,1.4094,-2.1979,loss_of_function,-1.89908634175509,0.7468169761775534,0.7475,pathogenic,https://doi.org/10.1101/2022.10.22.513328
V70M,NP_443714:p.Val70Met,"hg19,16:g.89757008G>A, hg38,16:g.89690600G>A",,,0.4,"saturation,clinvar",0.08491,0.93878,1.2083379109817654,Neutral,Neutral,True,0.262,5.3,,True,5.3,,neutral,neutral,neutral,UP,neutral,2252083,Uncertain significance,1,84.97,-,-0.1385,1.4094,-4.1155,loss_of_function,-1.38900711643378,0.7840834628700231,0.7252,pathogenic,https://doi.org/10.1101/2022.10.22.513328
E75K,NP_443714:p.Glu75Lys,"hg38,16:g.89690615G>A",,,0.57,"COSMIC,saturation",0.01294,-0.17279,0.3196174629462123,Neutral,Neutral,False,0.026,44.4,,False,44.4,,neutral,neutral,neutral,UP,stabilizing,,,,56.18,-,-0.2045,0.5962,-5.9129,loss_of_function,-2.80474418910406,0.6806494389780121,0.8635,pathogenic,https://doi.org/10.1101/2022.10.22.513328
E75Q,NP_443714:p.Glu75Gln,"hg19,16:g.89757023G>C",,,0.41,"cBioPortal,saturation",0.05279,-0.54932,0.2742911556262778,Neutral,Neutral,False,0.026,44.4,,False,44.4,,neutral,neutral,neutral,UP,stabilizing,,,,56.18,-,-0.1601,0.5962,-6.9129,loss_of_function,-1.78040790079506,0.7554876459895499,0.663,pathogenic,https://doi.org/10.1101/2022.10.22.513328
K76T,NP_443714:p.Lys76Thr,"hg38,16:g.89690619A>C",,,0.437,"COSMIC,saturation",0.04941,1.05068,0.0053210399435971,Neutral,Neutral,False,0.015,106.0,,False,106.0,,neutral,neutral,neutral,DOWN,stabilizing,,,,59.35,T,-0.1224,1.4832,-5.4535,loss_of_function,-2.52195488327346,0.701310080265393,0.3639,ambiguous,https://doi.org/10.1101/2022.10.22.513328
P80H,NP_443714:p.Pro80His,"hg19,16:g.89757857C>A",3.18816552955e-05,,0.686,"cBioPortal,saturation",2.57146,0.99388,-0.1349688152048461,Uncertain,Uncertain,False,0.032,14.1,,True,14.1,,neutral,neutral,neutral,UP,neutral,,,,76.64,-,-0.2593,0.3702,-7.9336,loss_of_function,-2.58115030560228,0.6969852512800869,0.9576,pathogenic,https://doi.org/10.1101/2022.10.22.513328
P80S,NP_443714:p.Pro80Ser,"hg19,16:g.89757856C>T",,,0.462,"cBioPortal,saturation",2.35198,1.48673,0.5142469104782171,Uncertain,Uncertain,False,0.032,14.1,,True,14.1,,neutral,neutral,neutral,DOWN,destabilizing,,,,76.64,-,-0.2065,0.3702,-5.2332,loss_of_function,-1.85014629481164,0.7503925454570081,0.8881,pathogenic,https://doi.org/10.1101/2022.10.22.513328
I81S,NP_443714:p.Ile81Ser,"hg19,16:g.89757860T>G, hg38,16:g.89691452T>G",,,0.434,"cBioPortal,COSMIC,saturation",0.6954,0.16088,0.2703902368837224,Neutral,Neutral,False,0.026,90.4,,True,90.4,,neutral,neutral,neutral,DOWN,neutral,,,,79.23,H,-0.2549,1.5656,-8.9336,loss_of_function,-3.52538781034317,0.627999076862199,0.8664,pathogenic,https://doi.org/10.1101/2022.10.22.513328
L84S,NP_443714:p.Leu84Ser,"hg19,16:g.89757869T>C",,,0.791,"cBioPortal,saturation",2.01594,1.91224,1.952810532339018,Uncertain,Uncertain,False,0.057,58.4,,True,58.4,,neutral,neutral,neutral,DOWN,neutral,,,,82.97,H,-0.4034,0.5045,-22.2244,loss_of_function,-4.60532727735874,0.5490984908780181,0.9911,pathogenic,https://doi.org/10.1101/2022.10.22.513328
R85L,NP_443714:p.Arg85Leu,"hg38,16:g.89691464G>T",,,0.738,"COSMIC,saturation",-0.28916,-0.39048,0.0186118634306475,Neutral,Neutral,False,0.058,44.7,,False,44.7,,neutral,neutral,neutral,DOWN,neutral,,,,81.79,H,-0.4004,0.1297,-22.2332,loss_of_function,-6.208570090097,0.43196526141141567,0.9793,pathogenic,https://doi.org/10.1101/2022.10.22.513328
R85Q,NP_443714:p.Arg85Gln,"hg19,16:g.89757872G>A, hg38,16:g.89691464G>A",3.19101410428e-05,8.0567842151e-06,0.658,"cBioPortal,COSMIC,saturation",-0.1399,0.26565,1.0478686968300257,Neutral,Neutral,False,0.058,44.7,,False,44.7,,neutral,neutral,neutral,DOWN,neutral,,,,81.79,H,-0.2997,0.1297,-7.9454,loss_of_function,-3.04377000366395,0.6631861668131015,0.924,pathogenic,https://doi.org/10.1101/2022.10.22.513328
R85W,NP_443714:p.Arg85Trp,"hg19,16:g.89757871C>T, hg38,16:g.89691463C>T",,8.0770877252e-06,0.679,"cBioPortal,COSMIC,saturation",-0.75512,-0.36497,0.0376921432428994,Neutral,Neutral,False,0.058,44.7,,False,44.7,,neutral,neutral,neutral,UP,neutral,,,,81.79,H,-0.4156,0.1297,-22.2332,loss_of_function,-7.18670965414151,0.36050219599470334,0.938,pathogenic,https://doi.org/10.1101/2022.10.22.513328
T88R,NP_443714:p.Thr88Arg,"hg19,16:g.89757881C>G, hg38,16:g.89691473C>G",,,0.251,"saturation,clinvar",-0.46296,-0.1915,-0.4024300373399941,Neutral,Neutral,True,0.304,64.7,,True,64.7,,uncertain,,,UP,neutral,1027757,Uncertain significance,1,87.19,H,-0.1256,2.2296,-6.9513,loss_of_function,-1.99580706363358,0.7397505415614402,0.4741,ambiguous,https://doi.org/10.1101/2022.10.22.513328
R92C,NP_443714:p.Arg92Cys,"hg19,16:g.89757892C>T",,2.00065621524e-05,0.435,"cBioPortal,saturation",0.80973,0.82619,0.9556509675386882,Neutral,Neutral,True,0.27,82.9,,True,82.9,,neutral,neutral,neutral,DOWN,destabilizing,,,,89.93,T,-0.1267,2.4365,-8.9511,loss_of_function,-3.85338863444781,0.6040352733198869,0.2315,benign,https://doi.org/10.1101/2022.10.22.513328
R92H,NP_443714:p.Arg92His,"hg19,16:g.89757893G>A, hg38,16:g.89691485G>A",3.1901997065e-05,2.00006400205e-05,0.284,"cBioPortal,COSMIC,saturation",0.38329,-0.03571,0.0764323754861273,Neutral,Neutral,True,0.27,82.9,,True,82.9,,neutral,neutral,neutral,DOWN,destabilizing,,,,89.93,T,-0.0876,2.4365,-8.9511,loss_of_function,-3.29585435207907,0.6447688356432733,0.1229,benign,https://doi.org/10.1101/2022.10.22.513328
R94C,NP_443714:p.Arg94Cys,"hg19,16:g.89757898C>T, hg38,16:g.89691490C>T",0.0001594184415253,5.59529994804e-05,0.313,"cBioPortal,COSMIC,saturation",1.23937,0.9966,1.109609098917594,Neutral,Neutral,False,0.091,87.9,,True,87.9,,neutral,neutral,neutral,DOWN,mixed_effects,,,,95.54,-,-0.13,2.4008,-8.9511,loss_of_function,-0.562630611831257,0.8444586898601838,0.1662,benign,https://doi.org/10.1101/2022.10.22.513328
R94H,NP_443714:p.Arg94His,"hg19,16:g.89757899G>A",,7.9912415992e-06,0.075,"cBioPortal,saturation",1.19285,-0.1983,0.1701496530177998,Neutral,Neutral,False,0.091,87.9,,True,87.9,,neutral,neutral,neutral,DOWN,mixed_effects,,,,95.54,-,-0.057,2.4008,-2.3074,loss_of_function,-0.644177790223788,0.8385008372609931,0.0947,benign,https://doi.org/10.1101/2022.10.22.513328
V99L,NP_443714:p.Val99Leu,"hg19,16:g.89757913G>C, hg38,16:g.89691505G>C",,,0.517,"saturation,clinvar",-0.80302,-0.37517,0.121260866155507,Neutral,Neutral,False,0.111,3.0,,True,3.0,,neutral,neutral,neutral,UP,neutral,1033748,Uncertain significance,1,95.01,-,-0.2566,0.2405,-7.9541,loss_of_function,-3.36658655186319,0.6396011274694625,0.8303,pathogenic,https://doi.org/10.1101/2022.10.22.513328
K102N,NP_443714:p.Lys102Asn,"hg19,16:g.89757924G>T",,,0.214,"cBioPortal,saturation",0.85674,1.2983,0.1112516298884414,Neutral,Neutral,False,0.219,29.4,,True,29.4,,neutral,neutral,neutral,DOWN,mixed_effects,,,,93.99,E,-0.1235,1.5684,-7.9541,loss_of_function,-2.1118564677513,0.73127194968878,0.8634,pathogenic,https://doi.org/10.1101/2022.10.22.513328
E103V,NP_443714:p.Glu103Val,"hg19,16:g.89757926A>T",,3.995525012e-06,0.747,"cBioPortal,saturation",0.24477,-0.26463,0.0944189362144487,Neutral,Neutral,False,0.157,33.0,,True,33.0,,neutral,neutral,neutral,-,uncertain,,,,93.71,E,-0.2096,0.558,-7.9512,loss_of_function,-6.06769106912108,0.44225790988605235,0.9618,pathogenic,https://doi.org/10.1101/2022.10.22.513328
V104A,NP_443714:p.Val104Ala,"hg19,16:g.89757929T>C",,,0.794,"cBioPortal,saturation",2.35671,2.55612,2.3685026647838763,Uncertain,Uncertain,False,0.184,17.9,,False,17.9,,neutral,neutral,neutral,DOWN,neutral,,,,92.74,E,-0.2717,0.8614,-22.2419,loss_of_function,-4.06353233427693,0.588682134034014,0.878,pathogenic,https://doi.org/10.1101/2022.10.22.513328
V105I,NP_443714:p.Val105Ile,"hg19,16:g.89757931G>A, hg38,16:g.89691523G>A",,,0.258,"saturation,clinvar",-0.24522,-0.57517,1.372563870286141,Neutral,Neutral,False,0.198,0.0,,False,0.0,,neutral,neutral,neutral,UP,neutral,2479575,Uncertain significance,2,93.81,E,-0.1615,0.6221,-8.9541,loss_of_function,-1.99844815007724,0.7395575832759026,0.4926,ambiguous,https://doi.org/10.1101/2022.10.22.513328
G107E,NP_443714:p.Gly107Glu,"hg19,16:g.89757938G>A, hg38,16:g.89691530G>A",,,0.597,"cBioPortal,COSMIC,saturation",3.29238,2.05,0.0766796102512629,Uncertain,Uncertain,False,0.028,7.9,,False,7.9,,neutral,neutral,neutral,UP,neutral,,,,88.15,-,-0.4226,0.2241,-22.239,loss_of_function,-2.96016741328884,0.669294188208616,0.9898,pathogenic,https://doi.org/10.1101/2022.10.22.513328
S112R,NP_443714:p.Ser112Arg,"hg38,16:g.89691544A>C",,,0.627,"COSMIC,saturation",-0.816,0.25476,-0.3499554412922212,Neutral,Neutral,True,0.194,24.9,,True,24.9,,uncertain,,,UP,neutral,,,,86.17,-,-0.201,1.1466,-8.9511,loss_of_function,-2.65912033787529,0.6912887456670948,0.9736,pathogenic,https://doi.org/10.1101/2022.10.22.513328
S112T,NP_443714:p.Ser112Thr,"hg19,16:g.89757953G>C, hg38,16:g.89691545G>C",,,0.366,"cBioPortal,COSMIC,saturation",0.35121,0.12143,0.0950551933044352,Neutral,Neutral,True,0.194,24.9,,True,24.9,,neutral,,,UP,neutral,,,,86.17,-,-0.0927,1.1466,-7.9512,loss_of_function,-1.87861839869671,0.7483123680495256,0.4316,ambiguous,https://doi.org/10.1101/2022.10.22.513328
F114L,NP_443714:p.Phe114Leu,"hg19,16:g.89758220C>G, hg38,16:g.89691812C>G",,,0.428,"cBioPortal,COSMIC,saturation",0.32238,0.73265,2.27062019729609,Neutral,Uncertain,True,0.369,5.6,,True,5.6,,neutral,neutral,neutral,DOWN,neutral,,,,92.12,E,-0.2854,0.7604,-22.2448,loss_of_function,-4.70464736579568,0.5418421460392363,0.9989,pathogenic,https://doi.org/10.1101/2022.10.22.513328
V116G,NP_443714:p.Val116Gly,"hg19,16:g.89758225T>G, hg38,16:g.89691817T>G",,,0.909,"cBioPortal,COSMIC,saturation",4.24975,5.43571,4.274764696964169,Destabilizing,Destabilizing,True,0.322,1.8,,True,1.8,,neutral,neutral,neutral,DOWN,neutral,,,,95.19,E,-0.4186,0.6329,-22.2448,loss_of_function,-6.8120363682051,0.38787589861036587,0.8004,pathogenic,https://doi.org/10.1101/2022.10.22.513328
Q122R,NP_443714:p.Gln122Arg,"hg19,16:g.89758243A>G, hg38,16:g.89691835A>G",,,0.485,"cBioPortal,COSMIC,saturation",-0.58151,-0.58605,0.1257076317146899,Neutral,Neutral,False,0.09,23.1,,True,23.1,,neutral,neutral,neutral,UP,neutral,,,,87.84,E,-0.2379,1.0186,-22.2448,loss_of_function,-3.5880873724242,0.623418234749987,0.7498,pathogenic,https://doi.org/10.1101/2022.10.22.513328
D123N,NP_443714:p.Asp123Asn,"hg19,16:g.89758245G>A, hg38,16:g.89691837G>A",,,0.513,"cBioPortal,COSMIC,saturation",2.30496,0.87449,0.5447207551495034,Uncertain,Uncertain,False,0.103,34.8,,False,34.8,,neutral,neutral,neutral,-,uncertain,,,,90.97,E,-0.3115,0.0421,-22.239,loss_of_function,-4.42915639519985,0.5619695695451395,0.9779,pathogenic,https://doi.org/10.1101/2022.10.22.513328
M131T,NP_443714:p.Met131Thr,"hg38,16:g.89691862T>C",,,0.521,"COSMIC,saturation",2.61335,2.11088,1.861979172338937,Uncertain,Uncertain,False,0.048,3.8,,True,3.8,,neutral,neutral,neutral,DOWN,mixed_effects,,,,86.03,-,-0.3273,0.4948,-22.239,loss_of_function,-2.71316941990801,0.6873399092975215,0.7395,pathogenic,https://doi.org/10.1101/2022.10.22.513328
F135L,NP_443714:p.Phe135Leu,"hg38,16:g.89691875C>A",,,0.399,"COSMIC,saturation",2.04599,2.6017,1.6050539238259247,Uncertain,Uncertain,False,0.026,0.0,,True,0.0,,neutral,neutral,neutral,DOWN,neutral,,,,94.29,-,-0.3215,0.368,-22.239,loss_of_function,-3.02483694841441,0.6645694194853903,0.983,pathogenic,https://doi.org/10.1101/2022.10.22.513328
S136L,NP_443714:p.Ser136Leu,"hg19,16:g.89758285C>T, hg38,16:g.89691877C>T",0.0001275266211822,0.0001913738248451,0.213,"cBioPortal,COSMIC,saturation,clinvar",0.71746,0.34626,-0.297412856121883,Neutral,Neutral,False,0.031,71.8,,True,71.8,,uncertain,,,UP,neutral,2355626,Uncertain significance,1,95.45,-,-0.1056,1.6357,-2.2789,loss_of_function,-2.30900450225568,0.7168682762208476,0.1788,benign,https://doi.org/10.1101/2022.10.22.513328
Q139P,NP_443714:p.Gln139Pro,"hg38,16:g.89691886A>C",,,0.821,"COSMIC,saturation",0.31326,5.35748,5.527467290018699,Uncertain,Uncertain,False,0.117,24.7,,False,24.7,,neutral,neutral,neutral,DOWN,neutral,,,,96.97,H,-0.368,1.1472,-22.2477,loss_of_function,-6.24084282929287,0.4296074088542667,0.7985,pathogenic,https://doi.org/10.1101/2022.10.22.513328
I143T,NP_443714:p.Ile143Thr,"hg19,16:g.89758867T>C, hg38,16:g.89692459T>C",,,0.714,"cBioPortal,COSMIC,saturation",2.86578,3.3381,3.4702051439755826,Uncertain,Uncertain,True,0.462,0.0,,False,0.0,,neutral,neutral,neutral,DOWN,neutral,,,,98.05,H,-0.2845,1.0779,-22.2419,loss_of_function,-5.33787801481062,0.49557819255257146,0.7176,pathogenic,https://doi.org/10.1101/2022.10.22.513328
Q146P,NP_443714:p.Gln146Pro,"hg19,16:g.89758876A>C, hg38,16:g.89692468A>C",,,0.773,"cBioPortal,COSMIC,saturation",3.68718,8.42925,5.720926488983644,Destabilizing,Destabilizing,True,0.515,4.9,,False,4.9,,neutral,neutral,neutral,DOWN,neutral,,,,98.64,H,-0.4697,0.042,-22.2419,loss_of_function,-7.95498559582245,0.3043718073501511,0.9096,pathogenic,https://doi.org/10.1101/2022.10.22.513328
V147M,NP_443714:p.Val147Met,"hg19,16:g.89758878G>A",,,0.276,"cBioPortal,saturation",-1.99088,0.60918,1.613645618550498,Neutral,Neutral,True,0.559,1.4,,False,1.4,,neutral,neutral,neutral,UP,neutral,,,,98.72,H,-0.1775,1.1431,-6.96,loss_of_function,-1.65669760449244,0.76452594412447,0.2626,benign,https://doi.org/10.1101/2022.10.22.513328
L148F,NP_443714:p.Leu148Phe,"hg19,16:g.89758881C>T, hg38,16:g.89692473C>T",,4.2418535203e-06,0.201,"saturation,clinvar",1.84393,1.61293,0.5854109328206558,Neutral,Neutral,True,0.38,0.1,,False,0.1,,neutral,neutral,neutral,UP,neutral,2321981,Uncertain significance,1,98.84,H,-0.1919,0.6867,-3.0531,loss_of_function,-2.19397481204313,0.725272367598701,0.4559,ambiguous,https://doi.org/10.1101/2022.10.22.513328
R149Q,NP_443714:p.Arg149Gln,"hg38,16:g.89692477G>A",,2.12415246317e-05,0.077,"COSMIC,saturation",0.77342,0.32245,0.9639095554974328,Neutral,Neutral,True,0.214,56.5,,False,56.5,,neutral,neutral,neutral,DOWN,destabilizing,,,,98.74,H,-0.0866,2.2968,-5.2596,loss_of_function,-1.19111096032893,0.7985417942465395,0.0754,benign,https://doi.org/10.1101/2022.10.22.513328
R149W,NP_443714:p.Arg149Trp,"hg19,16:g.89758884C>T, hg38,16:g.89692476C>T",9.57243139757e-05,8.4925690021e-06,0.448,"cBioPortal,COSMIC,saturation",-0.25818,-0.91633,-0.3030832718085641,Neutral,Neutral,True,0.214,56.5,,False,56.5,,neutral,neutral,neutral,UP,neutral,,,,98.74,H,-0.2163,2.2968,-22.2477,loss_of_function,-4.08120923970285,0.5873906559103871,0.2029,benign,https://doi.org/10.1101/2022.10.22.513328
G150V,NP_443714:p.Gly150Val,"hg38,16:g.89692480G>T",,,0.735,"COSMIC,saturation",3.37379,0.73333,2.133654822719747,Uncertain,Uncertain,True,0.18,0.0,,False,0.0,,neutral,neutral,neutral,UP,neutral,,,,98.49,H,-0.4324,0.4139,-22.2535,loss_of_function,-5.67626601467082,0.4708554999439127,0.9148,pathogenic,https://doi.org/10.1101/2022.10.22.513328
H155Q,NP_443714:p.His155Gln,"hg38,16:g.89692496C>A",,,0.841,"COSMIC,saturation",1.52124,0.01122,1.4422013006921968,Neutral,Neutral,False,0.266,10.6,,True,10.6,,neutral,neutral,neutral,DOWN,neutral,,,,97.05,H,-0.2596,0.0626,-22.2506,loss_of_function,-4.80164888026382,0.5347551966623052,0.9461,pathogenic,https://doi.org/10.1101/2022.10.22.513328
R156S,NP_443714:p.Arg156Ser,"hg19,16:g.89758907G>C, hg38,16:g.89692499G>C",,,0.076,"cBioPortal,COSMIC,saturation",0.44631,-0.07483,0.9462499873655322,Neutral,Neutral,False,0.15,75.2,,True,75.2,,neutral,neutral,neutral,DOWN,destabilizing,,,,95.75,H,-0.0595,2.7628,-3.2905,loss_of_function,-0.135978031581655,0.8756300097549784,0.1642,benign,https://doi.org/10.1101/2022.10.22.513328
N157S,NP_443714:p.Asn157Ser,"hg19,16:g.89758909A>G, hg38,16:g.89692501A>G",,,0.151,"cBioPortal,COSMIC,saturation",1.59761,0.83912,1.5680662827402538,Neutral,Neutral,True,0.203,51.9,,False,51.9,,neutral,neutral,neutral,DOWN,destabilizing,,,,93.83,T,-0.1059,1.1612,-5.3779,loss_of_function,-0.197339409602692,0.8711469356285775,0.1754,benign,https://doi.org/10.1101/2022.10.22.513328
I160V,NP_443714:p.Ile160Val,"hg19,16:g.89758917A>G",,,0.159,"cBioPortal,saturation",0.94621,0.84796,1.561182006652006,Neutral,Neutral,True,0.294,0.0,,False,0.0,,neutral,neutral,neutral,DOWN,destabilizing,,,,93.49,E,-0.0269,1.5712,-2.6082,loss_of_function,-0.487633598219389,0.8499379861557368,0.1404,benign,https://doi.org/10.1101/2022.10.22.513328
H161N,NP_443714:p.His161Asn,"hg19,16:g.89758920C>A, hg38,16:g.89692512C>A",,,0.787,"cBioPortal,COSMIC,saturation",2.22774,1.94796,1.947598758696785,Uncertain,Uncertain,True,0.247,0.0,,False,0.0,,neutral,neutral,neutral,DOWN,neutral,,,,93.41,-,-0.3,0.0418,-22.2506,loss_of_function,-8.04529111951774,0.2977740683520041,0.9766,pathogenic,https://doi.org/10.1101/2022.10.22.513328
L170P,NP_443714:p.Leu170Pro,"hg19,16:g.89759705T>C",,,0.846,"cBioPortal,saturation",2.36911,4.06701,5.094934223344396,Uncertain,Uncertain,False,0.118,28.6,,False,28.6,,neutral,neutral,neutral,DOWN,neutral,,,,94.84,E,-0.4972,0.0626,-22.2506,loss_of_function,-9.72784833308947,0.17484611344579992,0.9965,pathogenic,https://doi.org/10.1101/2022.10.22.513328
M171I,NP_443714:p.Met171Ile,"hg19,16:g.89759709G>A",,,0.346,"cBioPortal,saturation",2.24567,0.65646,0.6802594336534492,Uncertain,Uncertain,False,0.122,4.0,,False,4.0,,neutral,neutral,neutral,-,uncertain,,,,93.96,E,-0.1316,1.1891,-6.9629,loss_of_function,-1.21105863003039,0.7970844136464826,0.7146,pathogenic,https://doi.org/10.1101/2022.10.22.513328
T172A,NP_443714:p.Thr172Ala,"hg19,16:g.89759710A>G, hg38,16:g.89693302A>G",,3.9774083207e-06,0.358,"saturation,clinvar",0.24413,1.33163,1.293324289072131,Neutral,Neutral,False,0.102,16.2,,False,16.2,,uncertain,,,DOWN,neutral,2245490,Uncertain significance,1,92.44,-,-0.1153,1.5184,-8.9656,loss_of_function,-1.70614971911296,0.7609129630816541,0.6556,pathogenic,https://doi.org/10.1101/2022.10.22.513328
K174T,NP_443714:p.Lys174Thr,"hg19,16:g.89759717A>C",,,0.181,"cBioPortal,saturation",0.57868,0.14864,0.5586337522105156,Neutral,Neutral,False,0.021,86.6,,True,86.6,,neutral,neutral,neutral,DOWN,neutral,,,,90.8,T,-0.0453,2.2841,-4.7959,loss_of_function,-1.38190027950702,0.7846026897481414,0.2031,benign,https://doi.org/10.1101/2022.10.22.513328
C176S,NP_443714:p.Cys176Ser,"hg19,16:g.89759723G>C, hg38,16:g.89693315G>C",0.0002869531947456,0.0003897674122626,0.35,"cBioPortal,saturation,clinvar",0.87192,0.87109,0.7555227194343147,Neutral,Neutral,False,0.132,31.6,,True,31.6,,neutral,neutral,neutral,DOWN,neutral,1027755,Uncertain significance,2,95.62,-,-0.2073,2.1521,-6.9658,loss_of_function,-1.3972904442247,0.7834782813422021,0.2764,benign,https://doi.org/10.1101/2022.10.22.513328
D181N,NP_443714:p.Asp181Asn,"hg38,16:g.89693400G>A",,,0.886,"COSMIC,saturation",-3.07776,-0.61156,0.210521213904572,Uncertain,Uncertain,False,0.04,22.7,,False,22.7,,neutral,neutral,neutral,-,uncertain,,,,85.49,-,-0.3059,0.1043,-22.2506,loss_of_function,-4.82310666062683,0.5331874870857305,0.9946,pathogenic,https://doi.org/10.1101/2022.10.22.513328
F182S,NP_443714:p.Phe182Ser,"hg19,16:g.89759812T>C, hg38,16:g.89693404T>C",,,0.848,"cBioPortal,COSMIC,saturation",6.35721,5.08639,5.723945437703189,Destabilizing,Destabilizing,False,0.059,0.0,,False,0.0,,neutral,neutral,neutral,DOWN,neutral,,,,83.88,G,-0.4207,0.0834,-22.2506,loss_of_function,-8.83306727577194,0.2402189902654599,0.9919,pathogenic,https://doi.org/10.1101/2022.10.22.513328
G183S,NP_443714:p.Gly183Ser,"hg19,16:g.89759814G>A, hg38,16:g.89693406G>A",,7.9569687132e-06,0.866,"cBioPortal,COSMIC,saturation",-1.6133,0.41803,0.0980518508304439,Neutral,Neutral,False,0.088,6.0,,False,6.0,,neutral,neutral,neutral,UP,neutral,,,,76.14,G,-0.382,0.0833,-22.2535,loss_of_function,-7.31848465015558,0.35087468934166305,0.9484,pathogenic,https://doi.org/10.1101/2022.10.22.513328
R186Q,NP_443714:p.Arg186Gln,"hg19,16:g.89764460C>T",,,0.344,"cBioPortal,saturation",-0.28739,-0.20204,0.9396556964756432,Neutral,Neutral,False,0.078,37.9,,False,37.9,,neutral,neutral,neutral,DOWN,stabilizing,,,,77.03,E,-0.3021,0.16,-8.9656,loss_of_function,-4.68350174211953,0.5433870493879952,0.6856,pathogenic,https://doi.org/10.1101/2022.10.22.513328
R186W,NP_443714:p.Arg186Trp,"hg19,16:g.89759823C>T, hg38,16:g.89693415C>T",6.37145587767e-05,3.97788297068e-05,0.737,"cBioPortal,saturation,clinvar",-0.24048,0.29286,0.5556742143246437,Neutral,Neutral,False,0.078,37.9,,False,37.9,,neutral,neutral,neutral,UP,neutral,2463786,Uncertain significance,1,77.03,E,-0.4129,0.16,-22.2535,loss_of_function,-6.52574128399738,0.40879267274290515,0.8636,pathogenic,https://doi.org/10.1101/2022.10.22.513328
A187V,NP_443714:p.Ala187Val,"hg19,16:g.89759827C>T",,3.977534883e-06,0.081,"cBioPortal,saturation",-0.80728,-0.10952,-0.5209680419420293,Neutral,Neutral,False,0.103,66.5,,False,66.5,,neutral,neutral,neutral,UP,neutral,,,,69.37,E,0.0817,3.3035,-5.3808,gain_of_function,-0.161357131213841,0.8737758078354355,0.1226,benign,https://doi.org/10.1101/2022.10.22.513328
P191L,NP_443714:p.Pro191Leu,"hg19,16:g.89759839C>T",,,0.479,"cBioPortal,saturation",1.27271,1.60816,-0.6841397885222017,Neutral,Neutral,False,0.119,87.6,,False,87.6,,neutral,neutral,neutral,UP,neutral,,,,63.13,S,-0.3325,0.4784,-22.2506,loss_of_function,-3.84905799397952,0.6043516707486977,0.4539,ambiguous,https://doi.org/10.1101/2022.10.22.513328
P191Q,NP_443714:p.Pro191Gln,"hg19,16:g.89759839C>A, hg38,16:g.89693431C>A",,,0.4,"cBioPortal,COSMIC,saturation",1.11784,1.83878,-0.3088214958736773,Neutral,Neutral,False,0.119,87.6,,False,87.6,,neutral,neutral,neutral,UP,neutral,,,,63.13,S,-0.2325,0.4784,-6.6409,loss_of_function,-3.89395284091334,0.6010716445630286,0.5335,ambiguous,https://doi.org/10.1101/2022.10.22.513328
M195V,NP_443714:p.Met195Val,"hg19,16:g.89759850A>G, hg38,16:g.89693442A>G",0.0001593066972536,0.0001034167296448,0.281,"COSMIC,saturation,clinvar",1.66926,2.20748,0.4674580418714752,Uncertain,Neutral,False,0.037,5.0,,True,5.0,,neutral,neutral,neutral,DOWN,stabilizing,2379327,Uncertain significance,1,62.54,-,-0.166,1.2193,-7.9657,loss_of_function,-0.193827056227426,0.87140354884437,0.2113,benign,https://doi.org/10.1101/2022.10.22.513328
K198N,NP_443714:p.Lys198Asn,"hg19,16:g.89759861G>T, hg38,16:g.89693453G>T",,,0.036,"cBioPortal,COSMIC,saturation",-0.05701,0.13265,0.1375375911026349,Neutral,Neutral,False,0.079,75.9,,True,75.9,,neutral,neutral,neutral,DOWN,stabilizing,,,,58.34,S,0.0131,2.8735,-4.715,gain_of_function,-1.76202781832258,0.7568304983639741,0.4689,ambiguous,https://doi.org/10.1101/2022.10.22.513328
Y204C,NP_443714:p.Tyr204Cys,"hg19,16:g.89760583A>G",,,0.761,"cBioPortal,saturation",3.67526,3.59796,3.3611064773974224,Destabilizing,Destabilizing,True,0.301,5.0,P,False,5.0,5.962,uncertain,neutral,uncertain,DOWN,stabilizing,,,,96.37,G,-0.4189,0.0418,-22.2506,loss_of_function,-7.72096412760203,0.3214694610052178,0.981,pathogenic,https://doi.org/10.1101/2022.10.22.513328
R205L,NP_443714:p.Arg205Leu,"hg38,16:g.89694178G>T",,,0.42,"COSMIC,saturation",0.63732,2.75034,0.3986940254543047,Uncertain,Neutral,True,0.176,11.4,,False,11.4,,neutral,neutral,neutral,DOWN,stabilizing,,,,95.14,-,-0.4105,0.0209,-22.2506,loss_of_function,-5.27851440237968,0.49991530953921404,0.9678,pathogenic,https://doi.org/10.1101/2022.10.22.513328
R205Q,NP_443714:p.Arg205Gln,"hg19,16:g.89760586G>A, hg38,16:g.89694178G>A",,7.9658424675e-06,0.452,"cBioPortal,COSMIC,saturation,clinvar",2.13615,1.1915,1.651888454661237,Uncertain,Uncertain,True,0.176,11.4,,False,11.4,,neutral,neutral,neutral,DOWN,stabilizing,1305039,Uncertain significance,1,95.14,-,-0.3149,0.0209,-8.9628,loss_of_function,-4.59912819389735,0.5495513971126798,0.856,pathogenic,https://doi.org/10.1101/2022.10.22.513328
E208K,NP_443714:p.Glu208Lys,"hg19,16:g.89764395C>T",,,0.075,"cBioPortal,saturation",3.05767,2.63469,3.1353534787032538,Uncertain,Destabilizing,False,0.144,2.7,,False,2.7,,neutral,neutral,neutral,UP,neutral,,,,94.9,H,-0.3346,0.0884,-22.2477,loss_of_function,-6.59885288187235,0.40345112528514215,0.9677,pathogenic,https://doi.org/10.1101/2022.10.22.513328
T213I,NP_443714:p.Thr213Ile,"hg19,16:g.89760610C>T, hg38,16:g.89694202C>T",,0.0002270120435863,0.211,"saturation,clinvar",-0.18174,-0.76156,-0.192942145052562,Neutral,Neutral,False,0.068,24.0,,False,24.0,,uncertain,,,UP,neutral,2439867,Uncertain significance,1,87.36,-,-0.0802,2.1255,-7.9599,loss_of_function,-2.70246056330613,0.6881223004286131,0.2081,benign,https://doi.org/10.1101/2022.10.22.513328
T214A,NP_443714:p.Thr214Ala,"hg38,16:g.89694204A>G",,,0.045,"COSMIC,saturation",-0.53555,0.56259,0.3357914000538159,Neutral,Neutral,False,0.072,68.4,,False,68.4,,uncertain,,,DOWN,neutral,,,,79.77,S,-0.058,1.9495,-5.5006,loss_of_function,-0.172439415688169,0.8729661339918781,0.0658,benign,https://doi.org/10.1101/2022.10.22.513328
T215M,NP_443714:p.Thr215Met,"hg38,16:g.89694208C>T",6.37511156445e-05,1.19492396301e-05,0.138,"COSMIC,saturation",-1.18746,-0.13741,-0.5023143314750134,Neutral,Neutral,False,0.065,53.0,,True,53.0,,uncertain,,,UP,neutral,,,,81.79,B,-0.0555,2.4889,-5.96,loss_of_function,-0.388318578260304,0.857193960690548,0.0912,benign,https://doi.org/10.1101/2022.10.22.513328
T218I,NP_443714:p.Thr218Ile,"hg38,16:g.89694217C>T",3.18694626809e-05,7.9668578713e-06,0.466,"COSMIC,saturation",-1.36713,-0.91599,-0.9874110524026802,Neutral,Neutral,False,0.096,26.6,,True,26.6,,uncertain,,,UP,neutral,,,,95.64,T,-0.2847,0.6956,-22.2477,loss_of_function,-3.66210953225367,0.6180101614600091,0.3619,ambiguous,https://doi.org/10.1101/2022.10.22.513328
D221N,NP_443714:p.Asp221Asn,"hg19,16:g.89760633G>A, hg38,16:g.89694225G>A",,1.59401923981e-05,0.731,"cBioPortal,saturation,clinvar",4.83828,2.51156,1.5406271490480663,Uncertain,Uncertain,False,0.091,1.4,,True,1.4,,neutral,neutral,neutral,-,uncertain,1027756,Uncertain significance,1,97.09,H,-0.3116,0.0419,-22.2477,loss_of_function,-5.12733309098342,0.5109606453412159,0.9764,pathogenic,https://doi.org/10.1101/2022.10.22.513328
W223L,NP_443714:p.Trp223Leu,"hg19,16:g.89760640G>T, hg38,16:g.89694232G>T",,,0.858,"cBioPortal,COSMIC,saturation",2.09335,4.04932,4.285994446310832,Uncertain,Uncertain,True,0.184,0.0,,False,0.0,,neutral,neutral,neutral,DOWN,neutral,,,,98.33,H,-0.5182,0.0629,-22.2419,loss_of_function,-8.89971806436014,0.23534947078169707,0.9653,pathogenic,https://doi.org/10.1101/2022.10.22.513328
C227Y,NP_443714:p.Cys227Tyr,"hg19,16:g.89761084G>A, hg38,16:g.89694676G>A",,4.7992014129e-06,0.647,"cBioPortal,COSMIC,saturation",4.92168,0.02857,-0.9289391541044316,Uncertain,Uncertain,True,0.388,2.3,,False,2.3,,neutral,neutral,neutral,UP,neutral,,,,98.47,H,-0.492,0.0419,-22.2448,loss_of_function,-8.40467585666643,0.27151735006281724,0.9897,pathogenic,https://doi.org/10.1101/2022.10.22.513328
I228M,NP_443714:p.Ile228Met,"hg19,16:g.89761088A>G, hg38,16:g.89694680A>G",,2.40033796759e-05,0.454,"saturation,clinvar",-0.02123,1.86224,1.73236747356916,Neutral,Neutral,True,0.353,0.5,,False,0.5,,neutral,neutral,neutral,-,uncertain,1033747,Uncertain significance,1,98.24,H,-0.2935,0.2572,-22.2419,loss_of_function,-3.42733027536815,0.6351631793012682,0.4725,ambiguous,https://doi.org/10.1101/2022.10.22.513328
L229V,NP_443714:p.Leu229Val,"hg19,16:g.89761089C>G, hg38,16:g.89694681C>G",,9.66977711164e-05,0.404,"saturation,clinvar",2.57245,1.93741,1.4724129858743158,Uncertain,Uncertain,True,0.341,0.4,,False,0.4,,neutral,neutral,neutral,DOWN,neutral,1176671,Uncertain significance,2,98.59,H,-0.1044,1.6256,-7.3692,loss_of_function,-0.411475012592662,0.8555021471269818,0.1562,benign,https://doi.org/10.1101/2022.10.22.513328
A230V,NP_443714:p.Ala230Val,"hg19,16:g.89761093C>T",,,0.537,"cBioPortal,saturation",1.94152,3.17993,1.5475273614442222,Uncertain,Neutral,True,0.339,0.0,,False,0.0,,neutral,neutral,neutral,UP,neutral,,,,98.21,H,-0.2111,1.056,-22.2419,loss_of_function,-4.07009863675051,0.588202398707416,0.7713,pathogenic,https://doi.org/10.1101/2022.10.22.513328
E231D,NP_443714:p.Glu231Asp,"hg19,16:g.89761097G>C, hg38,16:g.89694689G>C",3.19060685342e-05,4.8588976133e-06,0.51,"cBioPortal,COSMIC,saturation",1.96978,1.65544,1.6584106692959446,Neutral,Neutral,True,0.367,7.4,,False,7.4,,neutral,neutral,neutral,DOWN,neutral,,,,97.2,H,-0.2844,0.021,-22.2419,loss_of_function,-4.90296462819926,0.5273530485552239,0.9803,pathogenic,https://doi.org/10.1101/2022.10.22.513328
E231K,NP_443714:p.Glu231Lys,"hg19,16:g.89761095G>A, hg38,16:g.89694687G>A",,1.45202509099e-05,0.682,"cBioPortal,saturation,clinvar",-0.28251,1.99728,1.1327065323193546,Neutral,Neutral,True,0.367,7.4,,False,7.4,,neutral,neutral,neutral,UP,neutral,3068793,Uncertain significance,1,97.2,H,-0.3407,0.021,-22.2419,loss_of_function,-7.34417952178198,0.3489974170592509,0.9741,pathogenic,https://doi.org/10.1101/2022.10.22.513328
A234T,NP_443714:p.Ala234Thr,"hg19,16:g.89761104G>A",,0.0,0.255,"cBioPortal,saturation",1.64713,2.42653,0.8053925688653613,Uncertain,Neutral,True,0.3,9.0,,True,9.0,,neutral,neutral,neutral,UP,neutral,,,,94.99,H,0.0264,2.5654,-2.3277,gain_of_function,-1.53062324344897,0.7737369612858305,0.1023,benign,https://doi.org/10.1101/2022.10.22.513328
R236G,NP_443714:p.Arg236Gly,"hg19,16:g.89761110A>G",,,0.288,"cBioPortal,saturation",1.3454,0.67177,0.9196767532840684,Neutral,Neutral,False,0.117,72.1,,True,72.1,,neutral,neutral,neutral,DOWN,destabilizing,,,,93.37,S,-0.238,1.5151,-8.957,loss_of_function,-3.79058206942472,0.6086239330877069,0.2796,benign,https://doi.org/10.1101/2022.10.22.513328
R236K,NP_443714:p.Arg236Lys,"hg19,16:g.89761111G>A, hg38,16:g.89694703G>A",6.39386189258e-05,0.0,0.12,"cBioPortal,COSMIC,saturation,clinvar",0.58082,0.51395,0.0977333169783067,Neutral,Neutral,False,0.117,72.1,,True,72.1,,neutral,neutral,neutral,-,uncertain,2273803,Likely benign,1,93.37,S,-0.0501,1.5151,-0.5648,loss_of_function,-0.0171610180178207,0.8843108037081656,0.0805,benign,https://doi.org/10.1101/2022.10.22.513328
L238F,NP_443714:p.Leu238Phe,"hg19,16:g.89761116C>T",,0.0,0.441,"cBioPortal,saturation",1.96938,0.76837,2.132677416604849,Neutral,Uncertain,False,0.051,1.4,,True,1.4,,neutral,neutral,neutral,UP,neutral,,,,96.79,S,-0.2497,0.2981,-7.3721,loss_of_function,-3.82285145961852,0.6062663252092958,0.4885,ambiguous,https://doi.org/10.1101/2022.10.22.513328
G241S,NP_443714:p.Gly241Ser,"hg19,16:g.89761125G>A",,1.00774959438e-05,0.526,"cBioPortal,saturation",7.746,0.62347,4.616524976436536,Uncertain,Destabilizing,False,0.011,0.0,,True,0.0,,neutral,neutral,neutral,UP,neutral,,,,96.03,-,-0.3842,0.0588,-22.2448,loss_of_function,-4.32214266502875,0.5697880133345737,0.8454,pathogenic,https://doi.org/10.1101/2022.10.22.513328
T242S,NP_443714:p.Thr242Ser,"hg19,16:g.89761129C>G, hg38,16:g.89694721C>G",,,0.052,"saturation,clinvar",-0.21122,0.34082,0.3426621397879392,Neutral,Neutral,False,0.011,88.2,,True,88.2,,neutral,,,DOWN,stabilizing,402153,Likely pathogenic,1,93.88,S,0.0137,2.2508,-4.0,gain_of_function,-0.148179198473815,0.8747385901459308,0.0912,benign,https://doi.org/10.1101/2022.10.22.513328
H246Y,NP_443714:p.His246Tyr,"hg38,16:g.89694732C>T",,,0.251,"COSMIC,saturation",-0.483,1.02959,-0.1070355237022074,Neutral,Neutral,False,0.077,46.1,,True,46.1,,neutral,neutral,neutral,UP,neutral,,,,94.91,H,-0.0473,2.4086,-22.2477,loss_of_function,-4.23231703865665,0.5763506909416257,0.2165,benign,https://doi.org/10.1101/2022.10.22.513328
D249N,NP_443714:p.Asp249Asn,"hg19,16:g.89761149G>A",,1.07848106726e-05,0.133,"cBioPortal,saturation",-1.04557,0.46633,0.2329447828643199,Neutral,Neutral,True,0.218,44.3,,False,44.3,,neutral,neutral,neutral,-,uncertain,,,,95.15,H,-0.0543,1.7205,-2.102,loss_of_function,-1.4320925889258,0.7809356299304415,0.2839,benign,https://doi.org/10.1101/2022.10.22.513328
V252M,NP_443714:p.Val252Met,"hg19,16:g.89761158G>A",3.19264414788e-05,3.32192804704e-05,0.265,"cBioPortal,saturation",1.0715,3.36803,1.5116824730266003,Uncertain,Neutral,True,0.406,1.6,,False,1.6,,neutral,neutral,neutral,UP,neutral,,,,96.55,H,-0.1268,1.8058,-8.9599,loss_of_function,-1.62537094969933,0.7668146755724752,0.3693,ambiguous,https://doi.org/10.1101/2022.10.22.513328
P264S,NP_443714:p.Pro264Ser,"hg38,16:g.89694786C>T",,6.1384339627e-06,0.561,"COSMIC,saturation",1.4681,2.9398,-0.2866444737889456,Uncertain,Neutral,False,0.052,51.8,,False,51.8,,neutral,neutral,neutral,DOWN,neutral,,,,94.88,T,-0.206,0.4391,-6.3663,loss_of_function,-2.27250213651806,0.7195351461098297,0.2823,benign,https://doi.org/10.1101/2022.10.22.513328
G265D,NP_443714:p.Gly265Asp,"hg38,16:g.89694932G>A",,,0.348,"COSMIC,saturation",3.79757,0.02857,0.6045631735120988,Uncertain,Uncertain,False,0.031,47.6,,False,47.6,,neutral,neutral,neutral,UP,neutral,,,,92.71,T,-0.2683,0.9162,-4.3428,loss_of_function,-1.51339727279647,0.7749954940278411,0.2428,benign,https://doi.org/10.1101/2022.10.22.513328
K268R,NP_443714:p.Lys268Arg,"hg19,16:g.89761349A>G",,,0.051,"cBioPortal,saturation",-0.30355,0.32891,-0.2082331701688644,Neutral,Neutral,False,0.031,91.1,,False,91.1,,neutral,neutral,neutral,-,uncertain,,,,92.05,G,0.0713,2.5445,-3.9676,gain_of_function,-0.0834878270683328,0.8794649542319829,0.0699,benign,https://doi.org/10.1101/2022.10.22.513328
L269R,NP_443714:p.Leu269Arg,"hg19,16:g.89761352T>G, hg38,16:g.89694944T>G",,,0.677,"cBioPortal,COSMIC,saturation",0.79188,2.46769,2.812241206200224,Uncertain,Uncertain,False,0.043,12.7,,False,12.7,,neutral,neutral,neutral,UP,neutral,,,,92.26,S,-0.4665,0.3596,-22.2096,loss_of_function,-4.59908524306398,0.5495545351088591,0.7188,pathogenic,https://doi.org/10.1101/2022.10.22.513328
G273A,NP_443714:p.Gly273Ala,"hg19,16:g.89761364G>C",,,0.125,"cBioPortal,saturation",-0.11814,-0.39218,-0.2590910112634265,Neutral,Neutral,False,0.06,126.8,,False,126.8,,neutral,neutral,neutral,UP,neutral,,,,86.03,G,-0.0527,2.6511,-5.1736,loss_of_function,-0.580322801199325,0.8431660950887923,0.0973,benign,https://doi.org/10.1101/2022.10.22.513328
G273D,NP_443714:p.Gly273Asp,"hg19,16:g.89761364G>A",,,0.112,"cBioPortal,saturation",-0.11428,-0.64286,-0.533288972314695,Neutral,Neutral,False,0.06,126.8,,False,126.8,,neutral,neutral,neutral,UP,neutral,,,,86.03,G,-0.1204,2.6511,-6.633,loss_of_function,-0.871204037172606,0.8219142558227274,0.1487,benign,https://doi.org/10.1101/2022.10.22.513328
G273S,NP_443714:p.Gly273Ser,"hg19,16:g.89761363G>A",3.18775900542e-05,4.80753821993e-05,0.107,"cBioPortal,saturation",-0.16767,-0.62823,-0.4033610453580127,Neutral,Neutral,False,0.06,126.8,,False,126.8,,neutral,neutral,neutral,UP,neutral,,,,86.03,G,-0.0475,2.6511,-3.0183,loss_of_function,0.611548042544896,0.9302444090694437,0.0726,benign,https://doi.org/10.1101/2022.10.22.513328
Q274K,NP_443714:p.Gln274Lys,"hg38,16:g.89694958C>A",,,0.284,"COSMIC,saturation",-0.10502,0.06122,-0.2251131124947553,Neutral,Neutral,False,0.043,74.7,,False,74.7,,neutral,neutral,neutral,UP,neutral,,,,86.67,G,-0.0158,2.2855,-1.2852,loss_of_function,-1.62556746278095,0.7668003182887875,0.1095,benign,https://doi.org/10.1101/2022.10.22.513328
L277F,NP_443714:p.Leu277Phe,"hg19,16:g.89761375C>T",,,0.16,"cBioPortal,saturation",-0.14246,1.35136,0.2966258142512895,Neutral,Neutral,False,0.078,16.1,,False,16.1,,neutral,neutral,neutral,UP,neutral,,,,87.54,-,-0.1272,1.2897,-1.2453,loss_of_function,-1.90603436484188,0.7463093522692484,0.1844,benign,https://doi.org/10.1101/2022.10.22.513328
R278Q,NP_443714:p.Arg278Gln,"hg19,16:g.89761379G>A, hg38,16:g.89694971G>A",0.0001275591555584,3.99769732634e-05,0.162,"cBioPortal,COSMIC,saturation,clinvar",0.09486,0.47279,0.8765258328666106,Neutral,Neutral,False,0.04,49.0,,False,49.0,,neutral,neutral,neutral,DOWN,destabilizing,3141446,Uncertain significance,1,88.07,-,-0.0808,2.5628,-8.9247,loss_of_function,-2.86807394036041,0.6760225551229688,0.1194,benign,https://doi.org/10.1101/2022.10.22.513328
R278W,NP_443714:p.Arg278Trp,"hg38,16:g.89694970C>T",,,0.382,"COSMIC,saturation",1.41418,0.36565,0.1447949929930359,Neutral,Neutral,False,0.04,49.0,,False,49.0,,neutral,neutral,neutral,UP,neutral,,,,88.07,-,-0.1238,2.5628,-8.9247,loss_of_function,-4.09737477155426,0.5862095990319428,0.2672,benign,https://doi.org/10.1101/2022.10.22.513328
Q280K,NP_443714:p.Gln280Lys,"hg38,16:g.89694976C>A",,,0.333,"COSMIC,saturation",0.39978,1.55646,0.2280771453842289,Neutral,Neutral,False,0.041,6.7,,False,6.7,,neutral,neutral,neutral,UP,neutral,,,,89.85,-,-0.2025,1.4169,-22.2096,loss_of_function,-2.66586135698383,0.6907962455094108,0.6829,pathogenic,https://doi.org/10.1101/2022.10.22.513328
P281S,NP_443714:p.Pro281Ser,"hg38,16:g.89694979C>T",,,0.254,"COSMIC,saturation",1.57507,0.38401,-0.3958864304762488,Neutral,Neutral,False,0.041,77.2,,False,77.2,,neutral,neutral,neutral,DOWN,stabilizing,,,,87.14,-,-0.1601,0.9506,-6.6029,loss_of_function,-2.44650801471766,0.7068222430500117,0.3474,ambiguous,https://doi.org/10.1101/2022.10.22.513328
F289L,NP_443714:p.Phe289Leu,"hg19,16:g.89761411T>C",,,0.384,"cBioPortal,saturation",1.69017,1.7619,2.290146596403638,Neutral,Uncertain,False,0.082,0.2,,False,0.2,,neutral,neutral,neutral,DOWN,destabilizing,,,,97.18,-,-0.2577,0.194,-6.6029,loss_of_function,-1.48664515914749,0.7769500086165642,0.954,pathogenic,https://doi.org/10.1101/2022.10.22.513328
F289Y,NP_443714:p.Phe289Tyr,"hg38,16:g.89695004T>A",,,0.331,"COSMIC,saturation",0.31626,0.95612,0.6427798386477446,Neutral,Neutral,False,0.082,0.2,,False,0.2,,neutral,neutral,neutral,-,uncertain,,,,97.18,-,-0.3231,0.194,-22.2125,loss_of_function,-3.1249965873531,0.657251736924843,0.4228,ambiguous,https://doi.org/10.1101/2022.10.22.513328
L292V,NP_443714:p.Leu292Val,"hg19,16:g.89761420C>G, hg38,16:g.89695012C>G",,,0.112,"cBioPortal,COSMIC,saturation",1.70823,1.83061,1.540144813653117,Neutral,Neutral,False,0.088,0.3,,False,0.3,,neutral,neutral,neutral,DOWN,stabilizing,,,,97.2,S,-0.1671,0.839,-5.4594,loss_of_function,-1.76815472195044,0.7563828656018872,0.223,benign,https://doi.org/10.1101/2022.10.22.513328
S293L,NP_443714:p.Ser293Leu,"hg19,16:g.89761424C>T, hg38,16:g.89695016C>T",,8.0037137232e-06,0.543,"cBioPortal,COSMIC,saturation",1.22367,-0.08503,0.2011800134348834,Neutral,Neutral,False,0.078,47.4,,False,47.4,,uncertain,,,UP,neutral,,,,97.85,-,-0.2478,0.458,-8.9187,loss_of_function,-4.4921179203666,0.5573695883593026,0.6282,pathogenic,https://doi.org/10.1101/2022.10.22.513328
E294D,NP_443714:p.Glu294Asp,"hg19,16:g.89761428G>T, hg38,16:g.89695020G>T",,,0.081,"saturation,clinvar",0.73203,0.77517,0.1240892281581429,Neutral,Neutral,False,0.053,72.8,,False,72.8,,neutral,neutral,neutral,DOWN,destabilizing,2410085,Uncertain significance,1,97.94,H,0.0213,2.1815,-1.2822,gain_of_function,-0.568409801866489,0.8440364611203138,0.0996,benign,https://doi.org/10.1101/2022.10.22.513328
A295V,NP_443714:p.Ala295Val,"hg19,16:g.89761430C>T",,,0.334,"cBioPortal,saturation",1.77619,1.37245,0.3942871527300784,Neutral,Neutral,False,0.078,8.9,,True,8.9,,neutral,neutral,neutral,UP,neutral,,,,98.27,H,-0.0622,1.8805,-7.9188,loss_of_function,-1.14940130725923,0.8015891095534711,0.2503,benign,https://doi.org/10.1101/2022.10.22.513328
G296R,NP_443714:p.Gly296Arg,"hg19,16:g.89695024G>A, hg19,16:g.89761432G>A, hg38,16:g.89695024G>A",,,0.696,"cBioPortal,COSMIC,saturation,clinvar",15.11634,9.12619,3.932212723711609,Destabilizing,Destabilizing,False,0.088,0.9,,True,0.9,,neutral,neutral,neutral,UP,neutral,2439866,Uncertain significance,1,98.21,H,-0.4172,0.4655,-22.2066,loss_of_function,-6.31337636827434,0.4243080944908794,0.9797,pathogenic,https://doi.org/10.1101/2022.10.22.513328
R298C,NP_443714:p.Arg298Cys,"hg38,16:g.89695030C>T",,4.0059608698e-06,0.278,"COSMIC,saturation",1.11751,1.11701,1.528926937784895,Neutral,Neutral,False,0.122,62.2,,True,62.2,,neutral,neutral,neutral,DOWN,neutral,,,,98.18,H,-0.1794,1.8621,-8.9187,loss_of_function,-1.6287144843966,0.766570396281894,0.2004,benign,https://doi.org/10.1101/2022.10.22.513328
R298S,NP_443714:p.Arg298Ser,"hg19,16:g.89761438C>A, hg38,16:g.89695030C>A",,,0.171,"cBioPortal,COSMIC,saturation",0.60923,0.84524,1.1581512287476632,Neutral,Neutral,False,0.122,62.2,,True,62.2,,neutral,neutral,neutral,DOWN,neutral,,,,98.18,H,-0.1528,1.8621,-5.3339,loss_of_function,-1.59231755165673,0.7692295632157025,0.4557,ambiguous,https://doi.org/10.1101/2022.10.22.513328
H301P,NP_443714:p.His301Pro,"hg19,16:g.89761448A>C, hg38,16:g.89695040A>C",,4.0015686149e-06,0.25,"cBioPortal,COSMIC,saturation",4.27869,6.32517,6.025975455397949,Destabilizing,Destabilizing,True,0.367,47.0,,False,47.0,,neutral,neutral,neutral,DOWN,neutral,,,,97.89,H,-0.3955,0.7024,-22.2096,loss_of_function,-4.87551406972118,0.5293585916580229,0.5179,ambiguous,https://doi.org/10.1101/2022.10.22.513328
F302V,NP_443714:p.Phe302Val,"hg19,16:g.89761450T>G, hg38,16:g.89695042T>G",,,0.126,"cBioPortal,COSMIC,saturation",0.74873,0.16531,0.8480369643424986,Neutral,Neutral,True,0.458,54.9,,False,54.9,,neutral,neutral,neutral,DOWN,neutral,,,,98.21,H,-0.0672,2.6557,-7.3368,loss_of_function,-1.11767689323453,0.8039069013677391,0.1315,benign,https://doi.org/10.1101/2022.10.22.513328
F304C,NP_443714:p.Phe304Cys,"hg38,16:g.89695049T>G",,,0.512,"COSMIC,saturation",4.84011,4.78435,5.36225433104444,Destabilizing,Destabilizing,True,0.364,0.4,,False,0.4,,neutral,neutral,neutral,DOWN,stabilizing,,,,98.35,T,-0.3201,1.0558,-22.2066,loss_of_function,-4.81031332388189,0.5341221707385636,0.6249,pathogenic,https://doi.org/10.1101/2022.10.22.513328
R311K,NP_443714:p.Arg311Lys,"hg38,16:g.89695070G>A",,,0.765,"COSMIC,saturation",3.23652,5.01054,3.243970472592473,Destabilizing,Destabilizing,False,0.025,0.0,,True,0.0,,neutral,neutral,neutral,-,uncertain,,,,97.82,S,-0.2241,0.0864,-8.9037,loss_of_function,-4.63562129248695,0.5468852042833215,0.912,pathogenic,https://doi.org/10.1101/2022.10.22.513328
A312V,NP_443714:p.Ala312Val,"hg19,16:g.89761703C>T, hg38,16:g.89695295C>T",,2.40242164101e-05,0.219,"cBioPortal,saturation,clinvar",0.0657,0.06327,-0.2047794734379321,Neutral,Neutral,False,0.029,16.3,,True,16.3,,neutral,neutral,neutral,UP,neutral,3141447,Uncertain significance,1,97.97,-,-0.0935,1.5071,-7.3189,loss_of_function,-0.586444999859558,0.8427188060725488,0.3073,benign,https://doi.org/10.1101/2022.10.22.513328
T313M,NP_443714:p.Thr313Met,"hg19,16:g.89695298C>T, hg19,16:g.89761706C>T, hg38,16:g.89695298C>T",3.1847133758e-05,2.00043209333e-05,0.263,"cBioPortal,COSMIC,saturation,clinvar",0.95711,0.60204,0.10881701713772,Neutral,Neutral,False,0.025,68.1,,True,68.1,,uncertain,,,UP,neutral,2467589,Uncertain significance,1,98.57,-,-0.1675,1.4344,-8.9068,loss_of_function,-4.14266961247076,0.5829003492086648,0.1668,benign,https://doi.org/10.1101/2022.10.22.513328
A314T,NP_443714:p.Ala314Thr,"hg19,16:g.89761708G>A",,,0.533,"cBioPortal,saturation",3.43634,1.8,0.5368293217546363,Uncertain,Uncertain,False,0.017,2.2,,True,2.2,,neutral,neutral,neutral,UP,neutral,,,,98.58,H,-0.2559,0.5989,-22.1916,loss_of_function,-3.49820164084463,0.6299853036551023,0.2457,benign,https://doi.org/10.1101/2022.10.22.513328
A314V,NP_443714:p.Ala314Val,"hg38,16:g.89695301C>T",,3.9960678692e-06,0.479,"COSMIC,saturation",1.69215,0.57721,-0.3586255494980994,Neutral,Neutral,False,0.017,2.2,,True,2.2,,neutral,neutral,neutral,UP,neutral,,,,98.58,H,-0.1631,0.5989,-4.582,loss_of_function,-3.18791414112823,0.6526549682973682,0.2523,benign,https://doi.org/10.1101/2022.10.22.513328
G315E,NP_443714:p.Gly315Glu,"hg19,16:g.89761712G>A, hg38,16:g.89695304G>A",,,0.134,"saturation,clinvar",-0.94514,-1.87279,-0.9998558959742015,Neutral,Neutral,False,0.013,48.9,,True,48.9,,neutral,neutral,neutral,UP,neutral,2315096,Uncertain significance,1,98.27,H,-0.1092,2.4569,-1.0773,loss_of_function,0.253254413544034,0.9040674073522177,0.0922,benign,https://doi.org/10.1101/2022.10.22.513328
C317S,NP_443714:p.Cys317Ser,"hg19,16:g.89761718G>C, hg38,16:g.89695310G>C",,,0.265,"cBioPortal,COSMIC,saturation",1.6625,1.2551,1.9288327094599127,Neutral,Neutral,False,0.02,1.6,,True,1.6,,neutral,neutral,neutral,DOWN,neutral,,,,98.64,H,-0.229,1.7694,-4.3129,loss_of_function,-0.541244670034656,0.8460211508972254,0.3318,benign,https://doi.org/10.1101/2022.10.22.513328
L318P,NP_443714:p.Leu318Pro,"hg19,16:g.89761721T>C, hg38,16:g.89695313T>C",,,0.641,"cBioPortal,COSMIC,saturation",4.57244,10.07619,8.693933511121067,Destabilizing,Destabilizing,False,0.027,14.8,,True,14.8,,neutral,neutral,neutral,DOWN,neutral,,,,98.46,H,-0.4601,0.4623,-22.1856,loss_of_function,-7.16743347024197,0.36191051771241556,0.8908,pathogenic,https://doi.org/10.1101/2022.10.22.513328
S321F,NP_443714:p.Ser321Phe,"hg19,16:g.89761730C>T, hg38,16:g.89695322C>T",,1.19665892827e-05,0.242,"cBioPortal,COSMIC,saturation",-0.57617,0.47551,-0.3704992941366308,Neutral,Neutral,False,0.039,69.2,,True,69.2,,uncertain,,,UP,neutral,,,,98.12,G,-0.1611,2.1429,-22.1856,loss_of_function,-4.85075531705334,0.5311674709085686,0.3574,ambiguous,https://doi.org/10.1101/2022.10.22.513328
Y322S,NP_443714:p.Tyr322Ser,"hg19,16:g.89761733A>C",,,0.463,"cBioPortal,saturation",4.767,4.16054,4.97564487696493,Destabilizing,Destabilizing,False,0.044,0.3,,True,0.3,,uncertain,,,DOWN,stabilizing,,,,98.47,G,-0.3805,0.8263,-22.1856,loss_of_function,-5.67758201037233,0.4707593530438566,0.9481,pathogenic,https://doi.org/10.1101/2022.10.22.513328
E325K,NP_443714:p.Glu325Lys,"hg19,16:g.89761741G>A, hg38,16:g.89695333G>A",,,0.341,"cBioPortal,COSMIC,saturation",0.8425,0.8432,0.2591995648026779,Neutral,Neutral,False,0.032,37.9,,True,37.9,,neutral,neutral,neutral,UP,neutral,,,,96.46,S,-0.3195,0.2481,-22.1795,loss_of_function,-3.3354376095651,0.6418768752082674,0.8487,pathogenic,https://doi.org/10.1101/2022.10.22.513328
P329H,NP_443714:p.Pro329His,"hg19,16:g.89762003C>A",,,0.277,"cBioPortal,saturation",2.97005,1.87075,0.7487134102791643,Uncertain,Uncertain,False,0.013,15.7,,False,15.7,,neutral,neutral,neutral,UP,neutral,,,,97.19,-,-0.3363,0.3199,-22.1047,loss_of_function,-4.09444243753644,0.5864238359214851,0.9303,pathogenic,https://doi.org/10.1101/2022.10.22.513328
P332Q,NP_443714:p.Pro332Gln,"hg19,16:g.89762012C>A, hg38,16:g.89695604C>A",,,0.441,"cBioPortal,COSMIC,saturation",1.58107,1.41293,0.3812778471379885,Neutral,Neutral,False,0.008,29.5,,False,29.5,,neutral,neutral,neutral,UP,neutral,,,,92.36,G,-0.2563,1.0774,-22.1079,loss_of_function,-2.67508835424183,0.6901221193081132,0.4714,ambiguous,https://doi.org/10.1101/2022.10.22.513328
T337P,NP_443714:p.Thr337Pro,"hg19,16:g.89762026A>C",,,0.496,"cBioPortal,saturation",-0.15756,0.38129,2.1234125875816567,Neutral,Uncertain,False,0.008,86.5,,False,86.5,,uncertain,,,-,uncertain,,,,71.13,-,-0.4225,0.695,-22.1047,loss_of_function,-2.72233519172087,0.6866702562390677,0.5384,ambiguous,https://doi.org/10.1101/2022.10.22.513328
