Mutation,HGVSp,HGVSg,gnomAD genome allele frequency,gnomAD exome allele frequency,REVEL score,Mutation sources,"Stability (FoldX5, alphafold, kcal/mol)","Stability (Rosetta Cartddg2020, alphafold, kcal/mol)","Stability (RaSP, alphafold, kcal/mol)","Stability classification, alphafold, (Rosetta, FoldX)","Stability classification, alphafold, (RaSP, FoldX)",EFoldMine - part of early folding region,EFoldMine score,Relative Side Chain Solvent Accessibility in wild-type,AlloSigma2 mutation type,AlloSigma2 predicted consequence - pockets and interfaces,ClinVar Variation ID,ClinVar Interpretation,ClinVar Review Status,AlphaFold2 model pLDDT score,AlphaFold2 model secondary structure,DeMaSk delta fitness,DeMaSk Shannon entropy,DeMaSk log2 variant frequency,DeMaSk predicted consequence,GEMME Score,GEMME Score (rank-normalized),AlphaMissense pathogenicity score,AlphaMissense classification,References
V18A,NP_004187:p.Val18Ala,,,,,saturation,2.14618,,1.6483798125132658,,Uncertain,True,0.257,12.0,DOWN,neutral,,,,90.09,E,-0.1349,1.4917,-6.7976,loss_of_function,-0.587559860123215,0.8784778470124923,0.3066,benign,https://doi.org/10.1101/2022.10.22.513328
V18C,NP_004187:p.Val18Cys,,,,,saturation,1.88826,,1.934155538528861,,Neutral,True,0.257,12.0,DOWN,neutral,,,,90.09,E,-0.2408,1.4917,-22.0854,loss_of_function,-3.98998342624296,0.6103258138153353,0.6634,pathogenic,https://doi.org/10.1101/2022.10.22.513328
V18D,NP_004187:p.Val18Asp,,,,,saturation,3.45385,,2.165264729120275,,Uncertain,True,0.257,12.0,DOWN,neutral,,,,90.09,E,-0.3066,1.4917,-7.7976,loss_of_function,-0.343477341309705,0.8977144947771823,0.7385,pathogenic,https://doi.org/10.1101/2022.10.22.513328
V18E,NP_004187:p.Val18Glu,,,,,saturation,1.96726,,1.7897105963751891,,Neutral,True,0.257,12.0,-,uncertain,,,,90.09,E,-0.3368,1.4917,-22.0854,loss_of_function,-3.23898033313465,0.6695139197171563,0.4771,ambiguous,https://doi.org/10.1101/2022.10.22.513328
V18F,NP_004187:p.Val18Phe,,,,,saturation,0.93492,,0.6558180477731925,,Neutral,True,0.257,12.0,UP,mixed_effects,,,,90.09,E,-0.2901,1.4917,-22.0854,loss_of_function,-4.26786668521577,0.5884252598610871,0.273,benign,https://doi.org/10.1101/2022.10.22.513328
V18G,NP_004187:p.Val18Gly,,,,,saturation,3.60535,,2.9365674203002468,,Uncertain,True,0.257,12.0,DOWN,neutral,,,,90.09,E,-0.3387,1.4917,-22.0854,loss_of_function,-5.72386593835057,0.4736749495383488,0.546,ambiguous,https://doi.org/10.1101/2022.10.22.513328
V18H,NP_004187:p.Val18His,,,,,saturation,3.49415,,1.29508921625291,,Uncertain,True,0.257,12.0,UP,mixed_effects,,,,90.09,E,-0.3147,1.4917,-8.7975,loss_of_function,-2.91838844211453,0.6947804292310223,0.7304,pathogenic,https://doi.org/10.1101/2022.10.22.513328
V18I,NP_004187:p.Val18Ile,,,,,saturation,-0.38045,,-0.1355822549195168,,Neutral,True,0.257,12.0,UP,mixed_effects,,,,90.09,E,-0.0556,1.4917,-3.8908,loss_of_function,-0.507472125886104,0.8847897268688638,0.0762,benign,https://doi.org/10.1101/2022.10.22.513328
V18K,NP_004187:p.Val18Lys,,,,,saturation,1.45469,,1.550522818261434,,Neutral,True,0.257,12.0,UP,mixed_effects,,,,90.09,E,-0.3758,1.4917,-22.0854,loss_of_function,-3.56197938135987,0.6440576971689697,0.5975,pathogenic,https://doi.org/10.1101/2022.10.22.513328
V18L,NP_004187:p.Val18Leu,,,,,saturation,0.38211,,0.1872239826965416,,Neutral,True,0.257,12.0,UP,mixed_effects,,,,90.09,E,-0.1253,1.4917,-4.7977,loss_of_function,-1.63552062391163,0.7958858933477735,0.2998,benign,https://doi.org/10.1101/2022.10.22.513328
V18M,NP_004187:p.Val18Met,,,,,saturation,0.64438,,0.7998810459217156,,Neutral,True,0.257,12.0,UP,mixed_effects,,,,90.09,E,-0.1213,1.4917,-2.2278,loss_of_function,-1.68206652831234,0.7922175144233102,0.1493,benign,https://doi.org/10.1101/2022.10.22.513328
V18N,NP_004187:p.Val18Asn,,,,,saturation,2.95709,,1.749476013429318,,Uncertain,True,0.257,12.0,DOWN,neutral,,,,90.09,E,-0.3674,1.4917,-22.0854,loss_of_function,-3.40089805659681,0.6567528492880124,0.5019,ambiguous,https://doi.org/10.1101/2022.10.22.513328
V18P,NP_004187:p.Val18Pro,,,,,saturation,4.10275,,3.333834149321975,,Destabilizing,True,0.257,12.0,DOWN,neutral,,,,90.09,E,-0.4173,1.4917,-22.0854,loss_of_function,-5.85559067405826,0.4632934508754242,0.9899,pathogenic,https://doi.org/10.1101/2022.10.22.513328
V18Q,NP_004187:p.Val18Gln,,,,,saturation,2.0294,,1.710566425482837,,Uncertain,True,0.257,12.0,-,uncertain,,,,90.09,E,-0.2716,1.4917,-7.2127,loss_of_function,-2.57966234177794,0.7214761332599557,0.4564,ambiguous,https://doi.org/10.1101/2022.10.22.513328
V18R,NP_004187:p.Val18Arg,,,,,saturation,2.17141,,1.1935978575911863,,Uncertain,True,0.257,12.0,UP,mixed_effects,,,,90.09,E,-0.3968,1.4917,-22.0854,loss_of_function,-3.78823642945416,0.6262259115924128,0.5243,ambiguous,https://doi.org/10.1101/2022.10.22.513328
V18S,NP_004187:p.Val18Ser,,,,,saturation,2.05158,,2.236547835678803,,Uncertain,True,0.257,12.0,DOWN,neutral,,,,90.09,E,-0.3166,1.4917,-22.0854,loss_of_function,-2.84572374047078,0.7005072845471751,0.379,ambiguous,https://doi.org/10.1101/2022.10.22.513328
V18T,NP_004187:p.Val18Thr,,,,,saturation,1.22285,,1.290555304314271,,Neutral,True,0.257,12.0,DOWN,neutral,,,,90.09,E,-0.1641,1.4917,-8.7975,loss_of_function,-2.77014774040024,0.7064635853092627,0.2468,benign,https://doi.org/10.1101/2022.10.22.513328
V18W,NP_004187:p.Val18Trp,,,,,saturation,2.93539,,0.4256138231866146,,Uncertain,True,0.257,12.0,UP,mixed_effects,,,,90.09,E,-0.3306,1.4917,-22.0854,loss_of_function,-4.94516927605619,0.5350456428633459,0.8548,pathogenic,https://doi.org/10.1101/2022.10.22.513328
V18Y,NP_004187:p.Val18Tyr,,,,,saturation,2.07556,,0.8907227549520554,,Uncertain,True,0.257,12.0,UP,mixed_effects,,,,90.09,E,-0.3335,1.4917,-22.0854,loss_of_function,-4.56891430543809,0.5646990747218734,0.6422,pathogenic,https://doi.org/10.1101/2022.10.22.513328
K34A,NP_004187:p.Lys34Ala,,,,,saturation,1.89874,,0.6568924157979134,,Neutral,True,0.301,17.4,DOWN,neutral,,,,92.77,E,-0.3217,0.0001,-22.0886,loss_of_function,-10.6023756280851,0.08918951824143144,0.9994,pathogenic,https://doi.org/10.1101/2022.10.22.513328
K34C,NP_004187:p.Lys34Cys,,,,,saturation,1.31461,,1.107936214790049,,Neutral,True,0.301,17.4,DOWN,neutral,,,,92.77,E,-0.3919,0.0001,-22.0886,loss_of_function,-10.6023756280851,0.08918951824143144,0.9992,pathogenic,https://doi.org/10.1101/2022.10.22.513328
K34D,NP_004187:p.Lys34Asp,,,,,saturation,2.87078,,1.2176527843771223,,Uncertain,True,0.301,17.4,DOWN,neutral,,,,92.77,E,-0.4307,0.0001,-22.0886,loss_of_function,-8.65892222836291,0.24235709730148416,0.9999,pathogenic,https://doi.org/10.1101/2022.10.22.513328
K34E,NP_004187:p.Lys34Glu,,,,,saturation,2.69631,,0.8219387107715787,,Uncertain,True,0.301,17.4,DOWN,neutral,,,,92.77,E,-0.3466,0.0001,-22.0886,loss_of_function,-7.48650739997552,0.3347575330124064,0.9988,pathogenic,https://doi.org/10.1101/2022.10.22.513328
K34F,NP_004187:p.Lys34Phe,,,,,saturation,-1.10166,,-1.2158820971250894,,Neutral,True,0.301,17.4,UP,neutral,,,,92.77,E,-0.3928,0.0001,-22.0886,loss_of_function,-10.8061746189427,0.07312769857083763,0.9999,pathogenic,https://doi.org/10.1101/2022.10.22.513328
K34G,NP_004187:p.Lys34Gly,,,,,saturation,3.15318,,1.748707754776902,,Uncertain,True,0.301,17.4,DOWN,neutral,,,,92.77,E,-0.3809,0.0001,-22.0886,loss_of_function,-9.52850142057396,0.17382376396248975,0.999,pathogenic,https://doi.org/10.1101/2022.10.22.513328
K34H,NP_004187:p.Lys34His,,,,,saturation,0.88045,,-0.0957913745050603,,Neutral,True,0.301,17.4,DOWN,neutral,,,,92.77,E,-0.3318,0.0001,-22.0886,loss_of_function,-9.71638683286576,0.1590161263080193,0.9978,pathogenic,https://doi.org/10.1101/2022.10.22.513328
K34I,NP_004187:p.Lys34Ile,,,,,saturation,-0.3806,,-0.6141467670780865,,Neutral,True,0.301,17.4,-,uncertain,,,,92.77,E,-0.3601,0.0001,-22.0886,loss_of_function,-9.97423957217225,0.1386942190067053,0.9993,pathogenic,https://doi.org/10.1101/2022.10.22.513328
K34L,NP_004187:p.Lys34Leu,,,,,saturation,-0.63987,,-0.9479040890843998,,Neutral,True,0.301,17.4,-,uncertain,,,,92.77,E,-0.3588,0.0001,-22.0886,loss_of_function,-9.41928481141069,0.18243135065382857,0.9987,pathogenic,https://doi.org/10.1101/2022.10.22.513328
K34M,NP_004187:p.Lys34Met,,,,,saturation,-0.49265,,-0.2366360259670114,,Neutral,True,0.301,17.4,DOWN,neutral,,,,92.77,E,-0.3318,0.0001,-22.0886,loss_of_function,-10.7261150382812,0.07943735958572885,0.9978,pathogenic,https://doi.org/10.1101/2022.10.22.513328
K34N,NP_004187:p.Lys34Asn,"hg19,14:g.50862488C>G",,3.57915500127e-05,0.796,"cBioPortal,saturation",1.13,1.55136,0.7342028331188666,Neutral,Neutral,True,0.301,17.4,DOWN,neutral,,,,92.77,E,-0.34,0.0001,-22.0886,loss_of_function,-8.30602227842084,0.2701698717115972,0.9998,pathogenic,https://doi.org/10.1101/2022.10.22.513328
K34P,NP_004187:p.Lys34Pro,,,,,saturation,1.18682,,4.836341022865576,,Uncertain,True,0.301,17.4,DOWN,neutral,,,,92.77,E,-0.496,0.0001,-22.0886,loss_of_function,-9.91508818403836,0.14335606215653565,0.9991,pathogenic,https://doi.org/10.1101/2022.10.22.513328
K34Q,NP_004187:p.Lys34Gln,,,,,saturation,0.88163,,0.5193631388867065,,Neutral,True,0.301,17.4,DOWN,neutral,,,,92.77,E,-0.321,0.0001,-22.0886,loss_of_function,-8.56696000087701,0.2496048305123749,0.998,pathogenic,https://doi.org/10.1101/2022.10.22.513328
K34R,NP_004187:p.Lys34Arg,,,,,saturation,0.27103,,-0.1581103822278573,,Neutral,True,0.301,17.4,-,uncertain,,,,92.77,E,-0.2553,0.0001,-22.0886,loss_of_function,-4.40404605547832,0.577692682242288,0.9414,pathogenic,https://doi.org/10.1101/2022.10.22.513328
K34S,NP_004187:p.Lys34Ser,,,,,saturation,2.83862,,1.2450800511059847,,Uncertain,True,0.301,17.4,DOWN,neutral,,,,92.77,E,-0.3319,0.0001,-22.0886,loss_of_function,-8.90419380835268,0.22302673716800353,0.9996,pathogenic,https://doi.org/10.1101/2022.10.22.513328
K34T,NP_004187:p.Lys34Thr,,,,,saturation,1.24297,,0.5696232620797126,,Neutral,True,0.301,17.4,DOWN,neutral,,,,92.77,E,-0.3437,0.0001,-22.0886,loss_of_function,-8.01211136868385,0.2933335979476816,0.9969,pathogenic,https://doi.org/10.1101/2022.10.22.513328
K34V,NP_004187:p.Lys34Val,,,,,saturation,-0.27626,,-0.3097367923967525,,Neutral,True,0.301,17.4,DOWN,neutral,,,,92.77,E,-0.3439,0.0001,-22.0886,loss_of_function,-10.0408504138677,0.1334444809048795,0.9991,pathogenic,https://doi.org/10.1101/2022.10.22.513328
K34W,NP_004187:p.Lys34Trp,,,,,saturation,0.29518,,-1.0878553979358674,,Neutral,True,0.301,17.4,UP,neutral,,,,92.77,E,-0.4018,0.0001,-22.0886,loss_of_function,-10.8061746189427,0.07312769857083763,0.9996,pathogenic,https://doi.org/10.1101/2022.10.22.513328
K34Y,NP_004187:p.Lys34Tyr,,,,,saturation,-0.31959,,-1.0007704772223047,,Neutral,True,0.301,17.4,UP,neutral,,,,92.77,E,-0.3777,0.0001,-22.0886,loss_of_function,-9.88170411770306,0.1459871294208647,0.9997,pathogenic,https://doi.org/10.1101/2022.10.22.513328
D41A,NP_004187:p.Asp41Ala,,,,,saturation,1.47413,,0.4174338511446013,,Neutral,False,0.011,81.2,DOWN,neutral,,,,77.44,T,-0.2926,0.6018,-22.0918,loss_of_function,-3.61757279506454,0.6396762653373418,0.2418,benign,https://doi.org/10.1101/2022.10.22.513328
D41C,NP_004187:p.Asp41Cys,,,,,saturation,1.36229,,1.013360600288209,,Neutral,False,0.011,81.2,-,uncertain,,,,77.44,T,-0.334,0.6018,-22.0918,loss_of_function,-4.61714287226151,0.5608980816942375,0.6961,pathogenic,https://doi.org/10.1101/2022.10.22.513328
D41E,NP_004187:p.Asp41Glu,"hg19,14:g.50862464G>T, hg38,14:g.50395746G>T",6.37023824691e-05,7.9547533629e-06,,"saturation,clinvar",1.31517,,0.2439986649473924,,Neutral,False,0.011,81.2,UP,neutral,3141622,Uncertain significance,1,77.44,T,-0.1398,0.6018,-2.9462,loss_of_function,-0.314824084518387,0.8999727171639601,0.1001,benign,https://doi.org/10.1101/2022.10.22.513328
D41F,NP_004187:p.Asp41Phe,,,,,saturation,2.15867,,0.1696889286342806,,Uncertain,False,0.011,81.2,UP,neutral,,,,77.44,T,-0.3927,0.6018,-22.0918,loss_of_function,-4.55410458609761,0.5658662593110508,0.7201,pathogenic,https://doi.org/10.1101/2022.10.22.513328
D41G,NP_004187:p.Asp41Gly,,,,,saturation,1.06973,,0.9132148401077532,,Neutral,False,0.011,81.2,DOWN,neutral,,,,77.44,T,-0.3037,0.6018,-22.0918,loss_of_function,-4.08439470623677,0.6028850657147223,0.2327,benign,https://doi.org/10.1101/2022.10.22.513328
D41H,NP_004187:p.Asp41His,,,,,saturation,2.24555,,0.1927517799292877,,Uncertain,False,0.011,81.2,UP,neutral,,,,77.44,T,-0.3019,0.6018,-22.0918,loss_of_function,-4.01810901533715,0.608109178010324,0.4834,ambiguous,https://doi.org/10.1101/2022.10.22.513328
D41I,NP_004187:p.Asp41Ile,,,,,saturation,0.96045,,0.2015992393679005,,Neutral,False,0.011,81.2,UP,neutral,,,,77.44,T,-0.3849,0.6018,-22.0918,loss_of_function,-4.4260738124624,0.5759566291885554,0.5096,ambiguous,https://doi.org/10.1101/2022.10.22.513328
D41K,NP_004187:p.Asp41Lys,,,,,saturation,1.13251,,0.245931156936644,,Neutral,False,0.011,81.2,UP,neutral,,,,77.44,T,-0.3633,0.6018,-22.0918,loss_of_function,-3.80227199190242,0.6251197399078984,0.5365,ambiguous,https://doi.org/10.1101/2022.10.22.513328
D41L,NP_004187:p.Asp41Leu,,,,,saturation,1.13745,,-0.0677355249401562,,Neutral,False,0.011,81.2,UP,neutral,,,,77.44,T,-0.3786,0.6018,-22.0918,loss_of_function,-4.02550467483379,0.6075263108004313,0.5396,ambiguous,https://doi.org/10.1101/2022.10.22.513328
D41M,NP_004187:p.Asp41Met,,,,,saturation,2.03801,,0.252613481071085,,Uncertain,False,0.011,81.2,UP,neutral,,,,77.44,T,-0.3173,0.6018,-22.0918,loss_of_function,-4.66145233328307,0.5574059614946494,0.6271,pathogenic,https://doi.org/10.1101/2022.10.22.513328
D41N,NP_004187:p.Asp41Asn,,,,,saturation,1.14114,,0.2779336097925677,,Neutral,False,0.011,81.2,-,uncertain,,,,77.44,T,-0.1915,0.6018,-8.804,loss_of_function,-2.62663796441882,0.7177738873528655,0.1586,benign,https://doi.org/10.1101/2022.10.22.513328
D41P,NP_004187:p.Asp41Pro,,,,,saturation,2.21472,,3.190455585690964,,Uncertain,False,0.011,81.2,-,uncertain,,,,77.44,T,-0.4295,0.6018,-22.0918,loss_of_function,-5.1212814409782,0.5211658791664211,0.8934,pathogenic,https://doi.org/10.1101/2022.10.22.513328
D41Q,NP_004187:p.Asp41Gln,,,,,saturation,1.61165,,0.4000101505651382,,Neutral,False,0.011,81.2,UP,neutral,,,,77.44,T,-0.3195,0.6018,-22.0918,loss_of_function,-2.8686107729399,0.698703510216561,0.4056,ambiguous,https://doi.org/10.1101/2022.10.22.513328
D41R,NP_004187:p.Asp41Arg,,,,,saturation,1.34021,,0.1698606950043091,,Neutral,False,0.011,81.2,UP,neutral,,,,77.44,T,-0.3943,0.6018,-22.0918,loss_of_function,-3.96623124001687,0.6121977727015909,0.589,pathogenic,https://doi.org/10.1101/2022.10.22.513328
D41S,NP_004187:p.Asp41Ser,,,,,saturation,1.62998,,0.4041375010685694,,Neutral,False,0.011,81.2,DOWN,neutral,,,,77.44,T,-0.299,0.6018,-22.0918,loss_of_function,-3.34100684449905,0.6614729994934648,0.1916,benign,https://doi.org/10.1101/2022.10.22.513328
D41T,NP_004187:p.Asp41Thr,,,,,saturation,1.17309,,0.4160774347894153,,Neutral,False,0.011,81.2,-,uncertain,,,,77.44,T,-0.329,0.6018,-22.0918,loss_of_function,-3.81684494509365,0.6239712153482793,0.2692,benign,https://doi.org/10.1101/2022.10.22.513328
D41V,NP_004187:p.Asp41Val,,,,,saturation,1.93062,,0.3085078508232414,,Neutral,False,0.011,81.2,UP,neutral,,,,77.44,T,-0.2718,0.6018,-8.804,loss_of_function,-4.54257131479335,0.566775220258902,0.3049,benign,https://doi.org/10.1101/2022.10.22.513328
D41W,NP_004187:p.Asp41Trp,,,,,saturation,2.16009,,-0.2360157495066889,,Uncertain,False,0.011,81.2,UP,neutral,,,,77.44,T,-0.3732,0.6018,-22.0918,loss_of_function,-4.58706735865166,0.56326839508033,0.8965,pathogenic,https://doi.org/10.1101/2022.10.22.513328
D41Y,NP_004187:p.Asp41Tyr,,,,,saturation,2.14971,,0.2638975646991348,,Uncertain,False,0.011,81.2,UP,neutral,,,,77.44,T,-0.3376,0.6018,-22.0918,loss_of_function,-4.57919272090097,0.5638890115563517,0.3729,ambiguous,https://doi.org/10.1101/2022.10.22.513328
K46A,NP_004187:p.Lys46Ala,,,,,saturation,0.30451,,0.7571347451594224,,Neutral,True,0.203,61.3,DOWN,neutral,,,,83.06,H,-0.2218,1.0862,-22.0951,loss_of_function,-3.64478871309057,0.6375313225892729,0.8351,pathogenic,https://doi.org/10.1101/2022.10.22.513328
K46C,NP_004187:p.Lys46Cys,,,,,saturation,1.02383,,1.55883646928563,,Neutral,True,0.203,61.3,DOWN,neutral,,,,83.06,H,-0.292,1.0862,-22.0951,loss_of_function,-3.88980019404994,0.6182214613979372,0.7897,pathogenic,https://doi.org/10.1101/2022.10.22.513328
K46D,NP_004187:p.Lys46Asp,,,,,saturation,1.78326,,1.3614204620553418,,Neutral,True,0.203,61.3,DOWN,neutral,,,,83.06,H,-0.3308,1.0862,-22.0951,loss_of_function,-4.45061821851239,0.5740222338206596,0.9778,pathogenic,https://doi.org/10.1101/2022.10.22.513328
K46E,NP_004187:p.Lys46Glu,,,,,saturation,0.64748,,0.9757308074624113,,Neutral,True,0.203,61.3,DOWN,neutral,,,,83.06,H,-0.2467,1.0862,-22.0951,loss_of_function,-3.73684331796152,0.6302763089257455,0.6902,pathogenic,https://doi.org/10.1101/2022.10.22.513328
K46F,NP_004187:p.Lys46Phe,,,,,saturation,-0.13801,,0.0261062767140551,,Neutral,True,0.203,61.3,UP,mixed_effects,,,,83.06,H,-0.2929,1.0862,-22.0951,loss_of_function,-4.71807945871242,0.5529430607055781,0.9679,pathogenic,https://doi.org/10.1101/2022.10.22.513328
K46G,NP_004187:p.Lys46Gly,,,,,saturation,1.56015,,1.7966688500808636,,Neutral,True,0.203,61.3,DOWN,neutral,,,,83.06,H,-0.281,1.0862,-22.0951,loss_of_function,-5.22412194445955,0.5130608065416765,0.7794,pathogenic,https://doi.org/10.1101/2022.10.22.513328
K46H,NP_004187:p.Lys46His,,,,,saturation,0.42343,,0.4748594213877477,,Neutral,True,0.203,61.3,DOWN,neutral,,,,83.06,H,-0.1447,1.0862,-5.0,loss_of_function,-2.34816686756493,0.7397207700254341,0.5743,pathogenic,https://doi.org/10.1101/2022.10.22.513328
K46I,NP_004187:p.Lys46Ile,,,,,saturation,1.94533,,0.0982425917858509,,Neutral,True,0.203,61.3,-,uncertain,,,,83.06,H,-0.2602,1.0862,-22.0951,loss_of_function,-4.70750746925736,0.5537762610441669,0.8874,pathogenic,https://doi.org/10.1101/2022.10.22.513328
K46L,NP_004187:p.Lys46Leu,,,,,saturation,-0.53664,,-0.3495130541990976,,Neutral,True,0.203,61.3,-,uncertain,,,,83.06,H,-0.2589,1.0862,-22.0951,loss_of_function,-3.64450680705964,0.6375535401861991,0.7606,pathogenic,https://doi.org/10.1101/2022.10.22.513328
K46M,NP_004187:p.Lys46Met,,,,,saturation,-0.92047,,0.2649859425796846,,Neutral,True,0.203,61.3,DOWN,neutral,,,,83.06,H,-0.2319,1.0862,-22.0951,loss_of_function,-4.00188946173978,0.6093874745510588,0.7046,pathogenic,https://doi.org/10.1101/2022.10.22.513328
K46N,NP_004187:p.Lys46Asn,"hg19,14:g.50862452C>A, hg38,14:g.50395734C>A",,,0.264,"cBioPortal,COSMIC,saturation",0.61294,0.23946,0.9734471753333814,Neutral,Neutral,True,0.203,61.3,DOWN,neutral,,,,83.06,H,-0.2401,1.0862,-22.0951,loss_of_function,-3.53297500051763,0.6463435923678854,0.9263,pathogenic,https://doi.org/10.1101/2022.10.22.513328
K46P,NP_004187:p.Lys46Pro,,,,,saturation,6.09609,,6.51118748804276,,Destabilizing,True,0.203,61.3,DOWN,neutral,,,,83.06,H,-0.3961,1.0862,-22.0951,loss_of_function,-3.76529570833128,0.6280339172367909,0.9751,pathogenic,https://doi.org/10.1101/2022.10.22.513328
K46Q,NP_004187:p.Lys46Gln,,,,,saturation,-0.08769,,0.8454255597473337,,Neutral,True,0.203,61.3,DOWN,neutral,,,,83.06,H,-0.1532,1.0862,-8.8072,loss_of_function,-3.07276933759969,0.6826133517914681,0.2551,benign,https://doi.org/10.1101/2022.10.22.513328
K46R,NP_004187:p.Lys46Arg,,,,,saturation,-1.17616,,0.2502476026588357,,Neutral,True,0.203,61.3,-,uncertain,,,,83.06,H,-0.0516,1.0862,-1.7413,loss_of_function,-0.311892398820682,0.9002037693728511,0.0622,benign,https://doi.org/10.1101/2022.10.22.513328
K46S,NP_004187:p.Lys46Ser,,,,,saturation,0.77341,,1.3093766705115897,,Neutral,True,0.203,61.3,DOWN,neutral,,,,83.06,H,-0.232,1.0862,-22.0951,loss_of_function,-3.1911348499701,0.6732847211298993,0.8937,pathogenic,https://doi.org/10.1101/2022.10.22.513328
K46T,NP_004187:p.Lys46Thr,,,,,saturation,1.4451,,1.1029981442927856,,Neutral,True,0.203,61.3,DOWN,neutral,,,,83.06,H,-0.2438,1.0862,-22.0951,loss_of_function,-4.04809704210049,0.6057457596434184,0.7232,pathogenic,https://doi.org/10.1101/2022.10.22.513328
K46V,NP_004187:p.Lys46Val,,,,,saturation,2.0602,,0.3225294541702445,,Uncertain,True,0.203,61.3,DOWN,neutral,,,,83.06,H,-0.244,1.0862,-22.0951,loss_of_function,-4.6023606307701,0.56206310069734,0.8375,pathogenic,https://doi.org/10.1101/2022.10.22.513328
K46W,NP_004187:p.Lys46Trp,,,,,saturation,0.71321,,-0.4078053710475049,,Neutral,True,0.203,61.3,UP,mixed_effects,,,,83.06,H,-0.3019,1.0862,-22.0951,loss_of_function,-4.84413176612933,0.5430086178397283,0.8591,pathogenic,https://doi.org/10.1101/2022.10.22.513328
K46Y,NP_004187:p.Lys46Tyr,,,,,saturation,-0.00711,,0.2928820967960649,,Neutral,True,0.203,61.3,UP,mixed_effects,,,,83.06,H,-0.2778,1.0862,-22.0951,loss_of_function,-3.9784682555343,0.6112333482178379,0.8831,pathogenic,https://doi.org/10.1101/2022.10.22.513328
L67A,NP_004187:p.Leu67Ala,,,,,saturation,4.41624,,3.9833290664698704,,Destabilizing,True,0.179,2.4,DOWN,neutral,,,,95.14,E,-0.4098,0.1033,-22.2006,loss_of_function,-5.59814130175351,0.4835835679896732,0.9675,pathogenic,https://doi.org/10.1101/2022.10.22.513328
L67C,NP_004187:p.Leu67Cys,,,,,saturation,3.32496,,4.046852658674789,,Destabilizing,True,0.179,2.4,DOWN,neutral,,,,95.14,E,-0.399,0.1033,-22.2006,loss_of_function,-5.55136164709248,0.4872703692552552,0.8878,pathogenic,https://doi.org/10.1101/2022.10.22.513328
L67D,NP_004187:p.Leu67Asp,,,,,saturation,5.7322,,5.051993918875237,,Destabilizing,True,0.179,2.4,DOWN,neutral,,,,95.14,E,-0.5313,0.1033,-22.2006,loss_of_function,-8.02119030543401,0.2926180681785295,0.9994,pathogenic,https://doi.org/10.1101/2022.10.22.513328
L67E,NP_004187:p.Leu67Glu,,,,,saturation,5.51746,,4.456685481475124,,Destabilizing,True,0.179,2.4,DOWN,neutral,,,,95.14,E,-0.4994,0.1033,-22.2006,loss_of_function,-7.81991773587146,0.3084807753653849,0.9965,pathogenic,https://doi.org/10.1101/2022.10.22.513328
L67F,NP_004187:p.Leu67Phe,,,,,saturation,4.08375,,1.9022621204172907,,Uncertain,True,0.179,2.4,UP,neutral,,,,95.14,E,-0.3433,0.1033,-22.2006,loss_of_function,-4.99991312667095,0.5307311668546665,0.8735,pathogenic,https://doi.org/10.1101/2022.10.22.513328
L67G,NP_004187:p.Leu67Gly,,,,,saturation,5.75202,,6.143445751554999,,Destabilizing,True,0.179,2.4,DOWN,neutral,,,,95.14,E,-0.4168,0.1033,-8.9128,loss_of_function,-7.37953143381096,0.3431885299981731,0.9885,pathogenic,https://doi.org/10.1101/2022.10.22.513328
L67H,NP_004187:p.Leu67His,,,,,saturation,4.62553,,3.416274756032022,,Destabilizing,True,0.179,2.4,DOWN,neutral,,,,95.14,E,-0.4522,0.1033,-22.2006,loss_of_function,-5.66603263614988,0.47823291161163256,0.9832,pathogenic,https://doi.org/10.1101/2022.10.22.513328
L67I,NP_004187:p.Leu67Ile,,,,,saturation,1.4664,,1.537911398851285,,Neutral,True,0.179,2.4,-,uncertain,,,,95.14,E,-0.2839,0.1033,-22.2006,loss_of_function,-3.92674984464424,0.6153093830689931,0.6422,pathogenic,https://doi.org/10.1101/2022.10.22.513328
L67K,NP_004187:p.Leu67Lys,,,,,saturation,4.51338,,5.741271588983532,,Destabilizing,True,0.179,2.4,-,uncertain,,,,95.14,E,-0.4306,0.1033,-8.9128,loss_of_function,-7.68630846868884,0.31901079784869985,0.9885,pathogenic,https://doi.org/10.1101/2022.10.22.513328
L67M,NP_004187:p.Leu67Met,,,,,saturation,0.29756,,1.8127955611015671,,Neutral,True,0.179,2.4,-,uncertain,,,,95.14,E,-0.2343,0.1033,-7.9128,loss_of_function,-1.89911697496196,0.7751113201343308,0.4568,ambiguous,https://doi.org/10.1101/2022.10.22.513328
L67N,NP_004187:p.Leu67Asn,,,,,saturation,4.55572,,3.8586485853188734,,Destabilizing,True,0.179,2.4,DOWN,neutral,,,,95.14,E,-0.4776,0.1033,-22.2006,loss_of_function,-8.01323631096518,0.2932449389215181,0.992,pathogenic,https://doi.org/10.1101/2022.10.22.513328
L67P,NP_004187:p.Leu67Pro,,,,,saturation,3.41729,,8.276145175584553,,Destabilizing,True,0.179,2.4,DOWN,neutral,,,,95.14,E,-0.4932,0.1033,-22.2006,loss_of_function,-7.59385342360519,0.326297371032999,0.9961,pathogenic,https://doi.org/10.1101/2022.10.22.513328
L67Q,NP_004187:p.Leu67Gln,,,,,saturation,4.16736,,3.529278481173661,,Destabilizing,True,0.179,2.4,DOWN,neutral,,,,95.14,E,-0.3628,0.1033,-8.9128,loss_of_function,-7.86665841056258,0.3047970461917933,0.9816,pathogenic,https://doi.org/10.1101/2022.10.22.513328
L67R,NP_004187:p.Leu67Arg,,,,,saturation,4.66221,,4.886610321122611,,Destabilizing,True,0.179,2.4,UP,neutral,,,,95.14,E,-0.49,0.1033,-22.2006,loss_of_function,-7.86195935608083,0.30516738838726026,0.9765,pathogenic,https://doi.org/10.1101/2022.10.22.513328
L67S,NP_004187:p.Leu67Ser,,,,,saturation,5.47416,,4.902318318420716,,Destabilizing,True,0.179,2.4,DOWN,neutral,,,,95.14,E,-0.4402,0.1033,-22.2006,loss_of_function,-5.74090828867084,0.47233180668736907,0.9923,pathogenic,https://doi.org/10.1101/2022.10.22.513328
L67T,NP_004187:p.Leu67Thr,,,,,saturation,4.25696,,3.661666357386317,,Destabilizing,True,0.179,2.4,DOWN,neutral,,,,95.14,E,-0.4129,0.1033,-22.2006,loss_of_function,-5.21975056470351,0.5134053240147893,0.9708,pathogenic,https://doi.org/10.1101/2022.10.22.513328
L67V,NP_004187:p.Leu67Val,,,,,saturation,2.95572,,1.946144017034707,,Uncertain,True,0.179,2.4,DOWN,neutral,,,,95.14,E,-0.3202,0.1033,-22.2006,loss_of_function,-4.21764829796733,0.5923830747488756,0.6617,pathogenic,https://doi.org/10.1101/2022.10.22.513328
L67W,NP_004187:p.Leu67Trp,,,,,saturation,4.33176,,3.527883757771605,,Destabilizing,True,0.179,2.4,UP,neutral,,,,95.14,E,-0.4424,0.1033,-22.2006,loss_of_function,-6.32887930603593,0.4259925956210474,0.9868,pathogenic,https://doi.org/10.1101/2022.10.22.513328
L67Y,NP_004187:p.Leu67Tyr,,,,,saturation,6.43154,,3.1390398200326963,,Destabilizing,True,0.179,2.4,UP,neutral,,,,95.14,E,-0.4353,0.1033,-22.2006,loss_of_function,-5.38206806690837,0.5006127461966914,0.9779,pathogenic,https://doi.org/10.1101/2022.10.22.513328
R72A,NP_004187:p.Arg72Ala,,,,,saturation,0.86879,,1.1147434714491868,,Neutral,True,0.239,68.6,DOWN,neutral,,,,88.96,E,-0.334,0.8228,-22.2036,loss_of_function,-3.8113700963184,0.6244026994953881,0.9618,pathogenic,https://doi.org/10.1101/2022.10.22.513328
R72C,NP_004187:p.Arg72Cys,,,,,saturation,0.32326,,1.530531483376391,,Neutral,True,0.239,68.6,DOWN,neutral,,,,88.96,E,-0.3428,0.8228,-22.2036,loss_of_function,-3.89444926305348,0.6178550586613153,0.5734,pathogenic,https://doi.org/10.1101/2022.10.22.513328
R72D,NP_004187:p.Arg72Asp,,,,,saturation,0.99137,,1.7168505981099007,,Neutral,True,0.239,68.6,DOWN,neutral,,,,88.96,E,-0.425,0.8228,-22.2036,loss_of_function,-3.9274270075099,0.6152560144640256,0.9904,pathogenic,https://doi.org/10.1101/2022.10.22.513328
R72E,NP_004187:p.Arg72Glu,,,,,saturation,0.28632,,1.1519791018125909,,Neutral,True,0.239,68.6,DOWN,neutral,,,,88.96,E,-0.3025,0.8228,-8.9157,loss_of_function,-3.90319240415679,0.6171659936410961,0.9409,pathogenic,https://doi.org/10.1101/2022.10.22.513328
R72F,NP_004187:p.Arg72Phe,,,,,saturation,0.45633,,0.1342458827673542,,Neutral,True,0.239,68.6,UP,neutral,,,,88.96,E,-0.3661,0.8228,-22.2036,loss_of_function,-4.02549574782856,0.6075270143561633,0.9463,pathogenic,https://doi.org/10.1101/2022.10.22.513328
R72G,NP_004187:p.Arg72Gly,,,,,saturation,1.34162,,2.5669846006551027,,Uncertain,True,0.239,68.6,DOWN,neutral,,,,88.96,E,-0.3694,0.8228,-22.2036,loss_of_function,-4.80749583519047,0.5458959712742478,0.8994,pathogenic,https://doi.org/10.1101/2022.10.22.513328
R72H,NP_004187:p.Arg72His,,,,,saturation,1.1121,,0.6800682709694655,,Neutral,True,0.239,68.6,DOWN,neutral,,,,88.96,E,-0.3037,0.8228,-22.2036,loss_of_function,-3.63770883682023,0.6380893022704567,0.4212,ambiguous,https://doi.org/10.1101/2022.10.22.513328
R72I,NP_004187:p.Arg72Ile,,,,,saturation,-0.10981,,-0.3927076574583216,,Neutral,True,0.239,68.6,DOWN,neutral,,,,88.96,E,-0.3634,0.8228,-22.2036,loss_of_function,-3.98858625401755,0.6104359278460224,0.8971,pathogenic,https://doi.org/10.1101/2022.10.22.513328
R72K,NP_004187:p.Arg72Lys,,,,,saturation,-0.00783,,0.838391127384688,,Neutral,True,0.239,68.6,-,uncertain,,,,88.96,E,-0.1224,0.8228,-2.2577,loss_of_function,-1.44297182880097,0.8110610618402342,0.2688,benign,https://doi.org/10.1101/2022.10.22.513328
R72L,NP_004187:p.Arg72Leu,,,,,saturation,-0.67286,,-0.0739543126876557,,Neutral,True,0.239,68.6,DOWN,neutral,,,,88.96,E,-0.3364,0.8228,-22.2036,loss_of_function,-3.85982123635095,0.6205841650131381,0.8319,pathogenic,https://doi.org/10.1101/2022.10.22.513328
R72M,NP_004187:p.Arg72Met,,,,,saturation,-0.73076,,0.4342679879549033,,Neutral,True,0.239,68.6,DOWN,neutral,,,,88.96,E,-0.3023,0.8228,-22.2036,loss_of_function,-3.86620802485083,0.6200808090115817,0.9127,pathogenic,https://doi.org/10.1101/2022.10.22.513328
R72N,NP_004187:p.Arg72Asn,,,,,saturation,1.0379,,1.061383812932111,,Neutral,True,0.239,68.6,DOWN,neutral,,,,88.96,E,-0.3489,0.8228,-22.2036,loss_of_function,-3.12958514601633,0.6781355805062083,0.9831,pathogenic,https://doi.org/10.1101/2022.10.22.513328
R72P,NP_004187:p.Arg72Pro,,,,,saturation,0.74697,,2.5137160149239204,,Uncertain,True,0.239,68.6,DOWN,neutral,,,,88.96,E,-0.4083,0.8228,-8.9157,loss_of_function,-4.55102046821191,0.5661093250157165,0.9576,pathogenic,https://doi.org/10.1101/2022.10.22.513328
R72Q,NP_004187:p.Arg72Gln,,,,,saturation,0.50476,,0.9833671681193814,,Neutral,True,0.239,68.6,DOWN,neutral,,,,88.96,E,-0.2409,0.8228,-8.9157,loss_of_function,-1.90926235263304,0.7743117419521365,0.405,ambiguous,https://doi.org/10.1101/2022.10.22.513328
R72S,NP_004187:p.Arg72Ser,,,,,saturation,0.78887,,1.4810388204120553,,Neutral,True,0.239,68.6,DOWN,neutral,,,,88.96,E,-0.3345,0.8228,-22.2036,loss_of_function,-3.86284630470908,0.6203457531237806,0.9674,pathogenic,https://doi.org/10.1101/2022.10.22.513328
R72T,NP_004187:p.Arg72Thr,,,,,saturation,0.61668,,0.8579943239276128,,Neutral,True,0.239,68.6,DOWN,neutral,,,,88.96,E,-0.2711,0.8228,-8.9157,loss_of_function,-3.15568775602797,0.6760783798636804,0.9357,pathogenic,https://doi.org/10.1101/2022.10.22.513328
R72V,NP_004187:p.Arg72Val,,,,,saturation,0.37056,,-0.2456789401448034,,Neutral,True,0.239,68.6,DOWN,neutral,,,,88.96,E,-0.3505,0.8228,-22.2036,loss_of_function,-4.04206865136172,0.6062208695767038,0.9126,pathogenic,https://doi.org/10.1101/2022.10.22.513328
R72W,NP_004187:p.Arg72Trp,,,,,saturation,0.28151,,-0.0820243054120095,,Neutral,True,0.239,68.6,UP,neutral,,,,88.96,E,-0.3517,0.8228,-22.2036,loss_of_function,-4.18402332967932,0.5950331279939813,0.522,ambiguous,https://doi.org/10.1101/2022.10.22.513328
R72Y,NP_004187:p.Arg72Tyr,,,,,saturation,0.55777,,0.2641509458836522,,Neutral,True,0.239,68.6,UP,neutral,,,,88.96,E,-0.3554,0.8228,-22.2036,loss_of_function,-3.71149268321715,0.6322742448433167,0.8484,pathogenic,https://doi.org/10.1101/2022.10.22.513328
R75A,NP_004187:p.Arg75Ala,,,,,saturation,1.04691,,0.6011696325365997,,Neutral,False,0.112,83.2,DOWN,mixed_effects,,,,84.5,T,-0.2387,1.1213,-8.9157,loss_of_function,-2.95496919051671,0.691897424846267,0.7402,pathogenic,https://doi.org/10.1101/2022.10.22.513328
R75C,NP_004187:p.Arg75Cys,,,,,saturation,0.7027,,1.0184079225754386,,Neutral,False,0.112,83.2,DOWN,mixed_effects,,,,84.5,T,-0.3154,1.1213,-22.2036,loss_of_function,-3.67603779884117,0.6350685175572903,0.3275,benign,https://doi.org/10.1101/2022.10.22.513328
R75D,NP_004187:p.Arg75Asp,,,,,saturation,0.6851,,0.0204353020945063,,Neutral,False,0.112,83.2,DOWN,mixed_effects,,,,84.5,T,-0.3976,1.1213,-22.2036,loss_of_function,-2.58789838471199,0.7208270336945001,0.8323,pathogenic,https://doi.org/10.1101/2022.10.22.513328
R75E,NP_004187:p.Arg75Glu,,,,,saturation,0.65007,,0.2116952598545457,,Neutral,False,0.112,83.2,DOWN,mixed_effects,,,,84.5,T,-0.3428,1.1213,-22.2036,loss_of_function,-2.92611431648371,0.6941715371045538,0.6603,pathogenic,https://doi.org/10.1101/2022.10.22.513328
R75F,NP_004187:p.Arg75Phe,,,,,saturation,0.61422,,0.2865849550414295,,Neutral,False,0.112,83.2,UP,neutral,,,,84.5,T,-0.3387,1.1213,-22.2036,loss_of_function,-4.26717388742795,0.5884798606865834,0.8399,pathogenic,https://doi.org/10.1101/2022.10.22.513328
R75G,NP_004187:p.Arg75Gly,,,,,saturation,-0.26565,,0.3482489250159848,,Neutral,False,0.112,83.2,DOWN,mixed_effects,,,,84.5,T,-0.2588,1.1213,-5.9159,loss_of_function,-2.34156341880161,0.7402412014701344,0.2988,benign,https://doi.org/10.1101/2022.10.22.513328
R75H,NP_004187:p.Arg75His,,,,,saturation,0.67234,,-0.1178592203381762,,Neutral,False,0.112,83.2,DOWN,mixed_effects,,,,84.5,T,-0.1983,1.1213,-6.9158,loss_of_function,-2.19437057924771,0.7518417733658476,0.1761,benign,https://doi.org/10.1101/2022.10.22.513328
R75I,NP_004187:p.Arg75Ile,,,,,saturation,2.74761,,1.518638374084173,,Uncertain,False,0.112,83.2,DOWN,mixed_effects,,,,84.5,T,-0.3359,1.1213,-22.2036,loss_of_function,-4.30013584921772,0.5858820603538711,0.8247,pathogenic,https://doi.org/10.1101/2022.10.22.513328
R75K,NP_004187:p.Arg75Lys,,,,,saturation,0.11802,,0.0713969067441144,,Neutral,False,0.112,83.2,-,uncertain,,,,84.5,T,-0.0926,1.1213,-1.7969,loss_of_function,-0.295564744048628,0.9014905855905805,0.1057,benign,https://doi.org/10.1101/2022.10.22.513328
R75L,NP_004187:p.Arg75Leu,,,,,saturation,0.69214,,-0.0053155244684183,,Neutral,False,0.112,83.2,DOWN,mixed_effects,,,,84.5,T,-0.309,1.1213,-22.2036,loss_of_function,-4.30511853198335,0.5854893648271635,0.6553,pathogenic,https://doi.org/10.1101/2022.10.22.513328
R75M,NP_004187:p.Arg75Met,,,,,saturation,0.69831,,0.3142023163209573,,Neutral,False,0.112,83.2,DOWN,mixed_effects,,,,84.5,T,-0.2748,1.1213,-22.2036,loss_of_function,-4.16027432700605,0.5969048359778597,0.694,pathogenic,https://doi.org/10.1101/2022.10.22.513328
R75N,NP_004187:p.Arg75Asn,,,,,saturation,-0.13523,,-0.1346403444464766,,Neutral,False,0.112,83.2,DOWN,mixed_effects,,,,84.5,T,-0.3214,1.1213,-22.2036,loss_of_function,-2.62578257006757,0.7178413027495718,0.7157,pathogenic,https://doi.org/10.1101/2022.10.22.513328
R75P,NP_004187:p.Arg75Pro,,,,,saturation,3.29062,,3.1739882008360163,,Destabilizing,False,0.112,83.2,DOWN,mixed_effects,,,,84.5,T,-0.4486,1.1213,-22.2036,loss_of_function,-4.54536653857484,0.5665549228956603,0.8122,pathogenic,https://doi.org/10.1101/2022.10.22.513328
R75Q,NP_004187:p.Arg75Gln,,,,,saturation,0.59036,,0.3882556333669373,,Neutral,False,0.112,83.2,DOWN,mixed_effects,,,,84.5,T,-0.2083,1.1213,-7.9158,loss_of_function,-2.58140100601976,0.7213391055376774,0.1743,benign,https://doi.org/10.1101/2022.10.22.513328
R75S,NP_004187:p.Arg75Ser,,,,,saturation,0.8794,,0.5942083776120277,,Neutral,False,0.112,83.2,DOWN,mixed_effects,,,,84.5,T,-0.3071,1.1213,-22.2036,loss_of_function,-2.58962361388847,0.7206910648174881,0.7538,pathogenic,https://doi.org/10.1101/2022.10.22.513328
R75T,NP_004187:p.Arg75Thr,,,,,saturation,1.81909,,0.792521639375491,,Neutral,False,0.112,83.2,DOWN,mixed_effects,,,,84.5,T,-0.2436,1.1213,-8.9157,loss_of_function,-2.97628952907926,0.6902171249003907,0.6865,pathogenic,https://doi.org/10.1101/2022.10.22.513328
R75V,NP_004187:p.Arg75Val,,,,,saturation,2.6003,,1.1766874408011796,,Uncertain,False,0.112,83.2,DOWN,mixed_effects,,,,84.5,T,-0.323,1.1213,-22.2036,loss_of_function,-4.30191958454286,0.5857414804863659,0.8255,pathogenic,https://doi.org/10.1101/2022.10.22.513328
R75W,NP_004187:p.Arg75Trp,,,,,saturation,0.74196,2.12245,0.0516392185567021,Uncertain,Neutral,False,0.112,83.2,UP,neutral,,,,84.5,T,-0.3242,1.1213,-22.2036,loss_of_function,-4.48742140893677,0.5711216983204032,0.3901,ambiguous,https://doi.org/10.1101/2022.10.22.513328
R75Y,NP_004187:p.Arg75Tyr,,,,,saturation,0.6121,,0.3065937297498089,,Neutral,False,0.112,83.2,UP,neutral,,,,84.5,T,-0.328,1.1213,-22.2036,loss_of_function,-4.10334052145198,0.6013919068613907,0.631,pathogenic,https://doi.org/10.1101/2022.10.22.513328
L151A,NP_004187:p.Leu151Ala,,,,,saturation,1.16407,,1.54515359184196,,Neutral,True,0.303,34.1,DOWN,neutral,,,,69.49,E,-0.1285,2.3709,-7.9599,loss_of_function,-2.32265977041407,0.7417310370686292,0.3189,benign,https://doi.org/10.1101/2022.10.22.513328
L151C,NP_004187:p.Leu151Cys,,,,,saturation,1.33705,,2.075490890796328,,Uncertain,True,0.303,34.1,DOWN,neutral,,,,69.49,E,-0.1906,2.3709,-22.2477,loss_of_function,-3.79664199201321,0.6255634518349565,0.4546,ambiguous,https://doi.org/10.1101/2022.10.22.513328
L151D,NP_004187:p.Leu151Asp,,,,,saturation,2.10149,,1.5637157364244032,,Uncertain,True,0.303,34.1,DOWN,neutral,,,,69.49,E,-0.3229,2.3709,-22.2477,loss_of_function,-3.40254752875883,0.6566228509778806,0.8204,pathogenic,https://doi.org/10.1101/2022.10.22.513328
L151E,NP_004187:p.Leu151Glu,,,,,saturation,1.47282,,1.566946526101576,,Neutral,True,0.303,34.1,DOWN,neutral,,,,69.49,E,-0.291,2.3709,-22.2477,loss_of_function,-3.49244049073515,0.6495382008584497,0.5552,ambiguous,https://doi.org/10.1101/2022.10.22.513328
L151F,NP_004187:p.Leu151Phe,,,,,saturation,0.17335,,0.8762105077601131,,Neutral,True,0.303,34.1,UP,neutral,,,,69.49,E,-0.0488,2.3709,-5.375,loss_of_function,-2.18263149783303,0.7527669546338587,0.1594,benign,https://doi.org/10.1101/2022.10.22.513328
L151G,NP_004187:p.Leu151Gly,,,,,saturation,1.77446,,2.5444970502181965,,Uncertain,True,0.303,34.1,DOWN,neutral,,,,69.49,E,-0.2762,2.3709,-22.2477,loss_of_function,-4.54789765891087,0.5663554400707906,0.5763,pathogenic,https://doi.org/10.1101/2022.10.22.513328
L151H,NP_004187:p.Leu151His,,,,,saturation,1.91808,,1.0809715368976214,,Neutral,True,0.303,34.1,DOWN,neutral,,,,69.49,E,-0.176,2.3709,-8.9599,loss_of_function,-2.70433692071289,0.7116502720231864,0.3027,benign,https://doi.org/10.1101/2022.10.22.513328
L151I,NP_004187:p.Leu151Ile,,,,,saturation,0.44194,,0.7973737539285503,,Neutral,True,0.303,34.1,-,uncertain,,,,69.49,E,0.0307,2.3709,-1.4443,gain_of_function,-0.387743466439558,0.8942257899687839,0.0736,benign,https://doi.org/10.1101/2022.10.22.513328
L151K,NP_004187:p.Leu151Lys,,,,,saturation,0.31189,,1.2035241588570411,,Neutral,True,0.303,34.1,-,uncertain,,,,69.49,E,-0.2222,2.3709,-8.9599,loss_of_function,-3.37876789182468,0.6584969733111723,0.4394,ambiguous,https://doi.org/10.1101/2022.10.22.513328
L151M,NP_004187:p.Leu151Met,,,,,saturation,-0.10989,,0.9662259539616472,,Neutral,True,0.303,34.1,-,uncertain,,,,69.49,E,0.0006,2.3709,-2.7702,gain_of_function,-0.66057251837771,0.8727235685167081,0.0925,benign,https://doi.org/10.1101/2022.10.22.513328
L151N,NP_004187:p.Leu151Asn,,,,,saturation,1.66959,,1.2679176711802869,,Neutral,True,0.303,34.1,DOWN,neutral,,,,69.49,E,-0.1933,2.3709,-7.375,loss_of_function,-0.998888031204718,0.8460602237379857,0.3667,ambiguous,https://doi.org/10.1101/2022.10.22.513328
L151P,NP_004187:p.Leu151Pro,,,,,saturation,-0.07737,,3.3370589268002586,,Uncertain,True,0.303,34.1,DOWN,neutral,,,,69.49,E,-0.2089,2.3709,-7.375,loss_of_function,-3.46803051204362,0.6514620017283977,0.3396,benign,https://doi.org/10.1101/2022.10.22.513328
L151Q,NP_004187:p.Leu151Gln,,,,,saturation,1.05401,,1.3189090694492904,,Neutral,True,0.303,34.1,DOWN,neutral,,,,69.49,E,-0.2222,2.3709,-22.2477,loss_of_function,-3.10601392966217,0.679993276782838,0.2101,benign,https://doi.org/10.1101/2022.10.22.513328
L151R,NP_004187:p.Leu151Arg,,,,,saturation,0.3518,,0.9689649941530848,,Neutral,True,0.303,34.1,UP,neutral,,,,69.49,E,-0.2057,2.3709,-7.375,loss_of_function,-2.57209677121915,0.7220723915118199,0.3587,ambiguous,https://doi.org/10.1101/2022.10.22.513328
L151S,NP_004187:p.Leu151Ser,,,,,saturation,1.91795,,1.654891949541167,,Neutral,True,0.303,34.1,DOWN,neutral,,,,69.49,E,-0.164,2.3709,-8.9599,loss_of_function,-2.43933250842808,0.732535817452626,0.3627,ambiguous,https://doi.org/10.1101/2022.10.22.513328
L151T,NP_004187:p.Leu151Thr,,,,,saturation,1.56799,,1.4800677714824664,,Neutral,True,0.303,34.1,DOWN,neutral,,,,69.49,E,-0.102,2.3709,-2.1527,loss_of_function,-1.58119759739676,0.8001672033394035,0.2404,benign,https://doi.org/10.1101/2022.10.22.513328
L151V,NP_004187:p.Leu151Val,,,,,saturation,1.05801,,0.9862916767230088,,Neutral,True,0.303,34.1,DOWN,neutral,,,,69.49,E,-0.0236,2.3709,-4.96,loss_of_function,-1.01400253110385,0.8448690187630763,0.0879,benign,https://doi.org/10.1101/2022.10.22.513328
L151W,NP_004187:p.Leu151Trp,,,,,saturation,0.00832,,0.4472916555650147,,Neutral,True,0.303,34.1,UP,neutral,,,,69.49,E,-0.234,2.3709,-22.2477,loss_of_function,-4.12573246594199,0.599627151437632,0.323,benign,https://doi.org/10.1101/2022.10.22.513328
L151Y,NP_004187:p.Leu151Tyr,,,,,saturation,0.54359,,0.9557382872782108,,Neutral,True,0.303,34.1,UP,neutral,,,,69.49,E,-0.2269,2.3709,-22.2477,loss_of_function,-2.86461743424277,0.6990182334925055,0.3603,ambiguous,https://doi.org/10.1101/2022.10.22.513328
Y158A,NP_004187:p.Tyr158Ala,,,,,saturation,0.06186,,0.1341825743559233,,Neutral,False,0.056,109.0,DOWN,mixed_effects,,,,37.56,-,-0.0671,3.1124,-2.9289,loss_of_function,-1.35824257390441,0.8177387495326294,0.1531,benign,https://doi.org/10.1101/2022.10.22.513328
Y158C,NP_004187:p.Tyr158Cys,,,,,saturation,0.31707,,0.8540405333556658,,Neutral,False,0.056,109.0,DOWN,mixed_effects,,,,37.56,-,-0.0685,3.1124,-8.9511,loss_of_function,-0.161814701569665,0.9120317028659474,0.0651,benign,https://doi.org/10.1101/2022.10.22.513328
Y158D,NP_004187:p.Tyr158Asp,,,,,saturation,0.13646,,0.0158129706816451,,Neutral,False,0.056,109.0,DOWN,mixed_effects,,,,37.56,-,-0.0831,3.1124,-3.2789,loss_of_function,-0.823537478316203,0.8598799632164907,0.0912,benign,https://doi.org/10.1101/2022.10.22.513328
Y158E,NP_004187:p.Tyr158Glu,,,,,saturation,0.07831,,-0.1690864364192823,,Neutral,False,0.056,109.0,DOWN,mixed_effects,,,,37.56,-,-0.1146,3.1124,-3.822,loss_of_function,-0.897129935001213,0.8540799896081005,0.2666,benign,https://doi.org/10.1101/2022.10.22.513328
Y158F,NP_004187:p.Tyr158Phe,,,,,saturation,-0.12117,,-0.154843354219652,,Neutral,False,0.056,109.0,-,uncertain,,,,37.56,-,0.0727,3.1124,-7.3663,gain_of_function,-2.24913111811482,0.7475259821215101,0.0786,benign,https://doi.org/10.1101/2022.10.22.513328
Y158G,NP_004187:p.Tyr158Gly,,,,,saturation,0.34292,,0.7506205732069884,,Neutral,False,0.056,109.0,DOWN,mixed_effects,,,,37.56,-,-0.2362,3.1124,-22.239,loss_of_function,-3.69540945688891,0.6335417971502172,0.1633,benign,https://doi.org/10.1101/2022.10.22.513328
Y158H,NP_004187:p.Tyr158His,"hg19,14:g.50807936A>G, hg38,14:g.50341218A>G",,,0.229,"cBioPortal,COSMIC,saturation",0.19516,0.78129,-0.2664360474081578,Neutral,Neutral,False,0.056,109.0,DOWN,mixed_effects,,,,37.56,-,-0.0734,3.1124,-22.239,loss_of_function,-0.315076152834017,0.8999528511390437,0.1121,benign,https://doi.org/10.1101/2022.10.22.513328
Y158I,NP_004187:p.Tyr158Ile,,,,,saturation,0.22509,,-0.2383942835426133,,Neutral,False,0.056,109.0,DOWN,mixed_effects,,,,37.56,-,-0.0981,3.1124,-6.6293,loss_of_function,-1.42506063868374,0.812472679751285,0.1978,benign,https://doi.org/10.1101/2022.10.22.513328
Y158K,NP_004187:p.Tyr158Lys,,,,,saturation,-0.10197,,-0.1278987294509681,,Neutral,False,0.056,109.0,DOWN,mixed_effects,,,,37.56,-,-0.1484,3.1124,-5.4918,loss_of_function,-1.83937285386844,0.7798198777937391,0.3058,benign,https://doi.org/10.1101/2022.10.22.513328
Y158L,NP_004187:p.Tyr158Leu,,,,,saturation,-0.13805,,-0.3921827841528086,,Neutral,False,0.056,109.0,DOWN,mixed_effects,,,,37.56,-,-0.07,3.1124,-5.6293,loss_of_function,-1.73675515173571,0.7879073909837248,0.2146,benign,https://doi.org/10.1101/2022.10.22.513328
Y158M,NP_004187:p.Tyr158Met,,,,,saturation,0.02409,,-0.0766663588381083,,Neutral,False,0.056,109.0,DOWN,mixed_effects,,,,37.56,-,-0.0259,3.1124,-6.3663,loss_of_function,-1.71404599354923,0.789697146674503,0.3358,benign,https://doi.org/10.1101/2022.10.22.513328
Y158N,NP_004187:p.Tyr158Asn,,,,,saturation,0.23573,,0.0207405293546136,,Neutral,False,0.056,109.0,DOWN,mixed_effects,,,,37.56,-,-0.058,3.1124,-2.4756,loss_of_function,-1.38004122975845,0.8160207524124493,0.0699,benign,https://doi.org/10.1101/2022.10.22.513328
Y158P,NP_004187:p.Tyr158Pro,,,,,saturation,-0.71488,,1.8375972036140047,,Neutral,False,0.056,109.0,DOWN,mixed_effects,,,,37.56,-,-0.2898,3.1124,-22.239,loss_of_function,-1.52623305998665,0.8044990721305284,0.3477,ambiguous,https://doi.org/10.1101/2022.10.22.513328
Y158Q,NP_004187:p.Tyr158Gln,,,,,saturation,-0.14519,,0.0757713713816821,,Neutral,False,0.056,109.0,DOWN,mixed_effects,,,,37.56,-,-0.1075,3.1124,-7.3663,loss_of_function,-2.09915559326296,0.7593458631966641,0.2244,benign,https://doi.org/10.1101/2022.10.22.513328
Y158R,NP_004187:p.Tyr158Arg,,,,,saturation,-0.08073,,-0.2401901290085861,,Neutral,False,0.056,109.0,DOWN,mixed_effects,,,,37.56,-,-0.1563,3.1124,-7.9512,loss_of_function,-2.24948939476038,0.747497745598606,0.2046,benign,https://doi.org/10.1101/2022.10.22.513328
Y158S,NP_004187:p.Tyr158Ser,,,,,saturation,0.21692,,0.2495650403657556,,Neutral,False,0.056,109.0,DOWN,mixed_effects,,,,37.56,-,-0.0849,3.1124,-5.4918,loss_of_function,-0.977243866500171,0.8477660450913798,0.068,benign,https://doi.org/10.1101/2022.10.22.513328
Y158T,NP_004187:p.Tyr158Thr,,,,,saturation,0.23616,,0.0616137321642268,,Neutral,False,0.056,109.0,DOWN,mixed_effects,,,,37.56,-,-0.0995,3.1124,-4.7034,loss_of_function,-1.34863524921124,0.8184959226476147,0.1239,benign,https://doi.org/10.1101/2022.10.22.513328
Y158V,NP_004187:p.Tyr158Val,,,,,saturation,0.33152,,-0.1741692297512348,,Neutral,False,0.056,109.0,DOWN,mixed_effects,,,,37.56,-,-0.0702,3.1124,-3.2234,loss_of_function,-1.41108242779749,0.8135743314406664,0.1357,benign,https://doi.org/10.1101/2022.10.22.513328
Y158W,NP_004187:p.Tyr158Trp,,,,,saturation,-0.05616,,-0.48170464074683,,Neutral,False,0.056,109.0,UP,neutral,,,,37.56,-,-0.0832,3.1124,-22.239,loss_of_function,-3.87406748242798,0.6194613889164102,0.3538,ambiguous,https://doi.org/10.1101/2022.10.22.513328
L173A,NP_004187:p.Leu173Ala,,,,,saturation,1.90082,,2.526986481455816,,Uncertain,False,0.156,11.6,DOWN,neutral,,,,94.51,H,-0.4138,0.0626,-22.2506,loss_of_function,-5.8363644286115,0.46480871101488297,0.9777,pathogenic,https://doi.org/10.1101/2022.10.22.513328
L173C,NP_004187:p.Leu173Cys,,,,,saturation,0.86641,,2.594381201712842,,Uncertain,False,0.156,11.6,DOWN,neutral,,,,94.51,H,-0.403,0.0626,-22.2506,loss_of_function,-5.83765777186669,0.46470677995992715,0.9674,pathogenic,https://doi.org/10.1101/2022.10.22.513328
L173D,NP_004187:p.Leu173Asp,,,,,saturation,1.01253,,3.19221411114826,,Uncertain,False,0.156,11.6,DOWN,neutral,,,,94.51,H,-0.4675,0.0626,-8.9628,loss_of_function,-8.53720799715305,0.251949647415747,0.9993,pathogenic,https://doi.org/10.1101/2022.10.22.513328
L173E,NP_004187:p.Leu173Glu,,,,,saturation,1.48244,,2.774529219653952,,Uncertain,False,0.156,11.6,DOWN,neutral,,,,94.51,H,-0.4356,0.0626,-8.9628,loss_of_function,-7.51798298553417,0.3322768770624335,0.9945,pathogenic,https://doi.org/10.1101/2022.10.22.513328
L173F,NP_004187:p.Leu173Phe,,,,,saturation,4.2978,,1.438369553162265,,Uncertain,False,0.156,11.6,UP,neutral,,,,94.51,H,-0.3473,0.0626,-22.2506,loss_of_function,-8.093355564819,0.28693057493901075,0.9684,pathogenic,https://doi.org/10.1101/2022.10.22.513328
L173G,NP_004187:p.Leu173Gly,,,,,saturation,2.41361,,3.961270605098313,,Uncertain,False,0.156,11.6,DOWN,neutral,,,,94.51,H,-0.4887,0.0626,-22.2506,loss_of_function,-7.83398243768899,0.30737230714695446,0.9913,pathogenic,https://doi.org/10.1101/2022.10.22.513328
L173H,NP_004187:p.Leu173His,,,,,saturation,3.59747,,2.0864793417034937,,Uncertain,False,0.156,11.6,DOWN,neutral,,,,94.51,H,-0.4562,0.0626,-22.2506,loss_of_function,-8.44144296230383,0.2594970877343847,0.9923,pathogenic,https://doi.org/10.1101/2022.10.22.513328
L173I,NP_004187:p.Leu173Ile,,,,,saturation,0.20789,,0.8401997810618067,,Neutral,False,0.156,11.6,-,uncertain,,,,94.51,H,-0.2879,0.0626,-22.2506,loss_of_function,-3.79580520918793,0.625629400418836,0.4617,ambiguous,https://doi.org/10.1101/2022.10.22.513328
L173K,NP_004187:p.Leu173Lys,,,,,saturation,3.11043,,2.8266207988129533,,Uncertain,False,0.156,11.6,-,uncertain,,,,94.51,H,-0.4346,0.0626,-8.9628,loss_of_function,-7.04939525294122,0.3692072447207273,0.9878,pathogenic,https://doi.org/10.1101/2022.10.22.513328
L173M,NP_004187:p.Leu173Met,,,,,saturation,0.27805,,1.0616605897699942,,Neutral,False,0.156,11.6,-,uncertain,,,,94.51,H,-0.3112,0.0626,-22.2506,loss_of_function,-4.00939270448576,0.6087961284829381,0.6704,pathogenic,https://doi.org/10.1101/2022.10.22.513328
L173N,NP_004187:p.Leu173Asn,,,,,saturation,1.68259,,2.318891400562177,,Uncertain,False,0.156,11.6,DOWN,neutral,,,,94.51,H,-0.4816,0.0626,-22.2506,loss_of_function,-7.05228544838139,0.3689794624447825,0.9829,pathogenic,https://doi.org/10.1101/2022.10.22.513328
L173P,NP_004187:p.Leu173Pro,,,,,saturation,1.70875,,7.13409023588029,,Uncertain,False,0.156,11.6,DOWN,neutral,,,,94.51,H,-0.4972,0.0626,-22.2506,loss_of_function,-8.73569434351071,0.2363065282380895,0.9987,pathogenic,https://doi.org/10.1101/2022.10.22.513328
L173Q,NP_004187:p.Leu173Gln,,,,,saturation,1.55021,,2.0376673357754576,,Uncertain,False,0.156,11.6,DOWN,neutral,,,,94.51,H,-0.4346,0.0626,-22.2506,loss_of_function,-6.77288060881549,0.3909999353102954,0.9873,pathogenic,https://doi.org/10.1101/2022.10.22.513328
L173R,NP_004187:p.Leu173Arg,,,,,saturation,2.85457,,2.047646083225632,,Uncertain,False,0.156,11.6,UP,neutral,,,,94.51,H,-0.494,0.0626,-22.2506,loss_of_function,-6.94024685107844,0.37780945585374726,0.9799,pathogenic,https://doi.org/10.1101/2022.10.22.513328
L173S,NP_004187:p.Leu173Ser,,,,,saturation,2.39683,,3.1119663674248432,,Uncertain,False,0.156,11.6,DOWN,neutral,,,,94.51,H,-0.4442,0.0626,-22.2506,loss_of_function,-6.18639266117503,0.437222262586488,0.9952,pathogenic,https://doi.org/10.1101/2022.10.22.513328
L173T,NP_004187:p.Leu173Thr,,,,,saturation,1.86061,,2.405562410984413,,Uncertain,False,0.156,11.6,DOWN,neutral,,,,94.51,H,-0.4169,0.0626,-22.2506,loss_of_function,-5.43110761812013,0.4967478378133102,0.981,pathogenic,https://doi.org/10.1101/2022.10.22.513328
L173V,NP_004187:p.Leu173Val,,,,,saturation,0.97328,,1.208340276674668,,Neutral,False,0.156,11.6,DOWN,neutral,,,,94.51,H,-0.3242,0.0626,-22.2506,loss_of_function,-3.66614929614707,0.6358478508916531,0.5832,pathogenic,https://doi.org/10.1101/2022.10.22.513328
L173W,NP_004187:p.Leu173Trp,,,,,saturation,3.88251,,1.4180080926004373,,Uncertain,False,0.156,11.6,UP,neutral,,,,94.51,H,-0.4464,0.0626,-22.2506,loss_of_function,-9.11518634784253,0.20639797906245164,0.9882,pathogenic,https://doi.org/10.1101/2022.10.22.513328
L173Y,NP_004187:p.Leu173Tyr,,,,,saturation,4.6191,,1.983011095943871,,Uncertain,False,0.156,11.6,UP,neutral,,,,94.51,H,-0.4393,0.0626,-22.2506,loss_of_function,-7.7526981632851,0.3137784888068165,0.9882,pathogenic,https://doi.org/10.1101/2022.10.22.513328
P182A,NP_004187:p.Pro182Ala,,,,,saturation,2.99194,,0.5038057169166732,,Uncertain,False,0.134,30.8,DOWN,mixed_effects,,,,96.84,T,-0.0386,2.1695,-4.715,loss_of_function,0.117846538060695,0.9340723831504545,0.0928,benign,https://doi.org/10.1101/2022.10.22.513328
P182C,NP_004187:p.Pro182Cys,,,,,saturation,3.33816,,0.7126869068702432,,Uncertain,False,0.134,30.8,-,uncertain,,,,96.84,T,-0.1608,2.1695,-22.2506,loss_of_function,-1.30697384943387,0.8217793436676737,0.3779,ambiguous,https://doi.org/10.1101/2022.10.22.513328
P182D,NP_004187:p.Pro182Asp,,,,,saturation,4.65018,,0.9023444910334888,,Uncertain,False,0.134,30.8,-,uncertain,,,,96.84,T,-0.1189,2.1695,-8.9628,loss_of_function,-3.95260999463696,0.6132712912016599,0.8386,pathogenic,https://doi.org/10.1101/2022.10.22.513328
P182E,NP_004187:p.Pro182Glu,,,,,saturation,2.00291,,0.7530395392291783,,Uncertain,False,0.134,30.8,UP,neutral,,,,96.84,T,-0.1705,2.1695,-22.2506,loss_of_function,-3.82354588553699,0.6234431003827859,0.5387,ambiguous,https://doi.org/10.1101/2022.10.22.513328
P182F,NP_004187:p.Pro182Phe,,,,,saturation,2.70199,,-1.210426260551953,,Uncertain,False,0.134,30.8,UP,neutral,,,,96.84,T,-0.1082,2.1695,-6.3779,loss_of_function,-1.45299934133471,0.8102707728531112,0.4504,ambiguous,https://doi.org/10.1101/2022.10.22.513328
P182G,NP_004187:p.Pro182Gly,,,,,saturation,4.24802,,1.7026245296933198,,Uncertain,False,0.134,30.8,DOWN,mixed_effects,,,,96.84,T,-0.1425,2.1695,-22.2506,loss_of_function,-3.51368823576894,0.6478636221586074,0.373,ambiguous,https://doi.org/10.1101/2022.10.22.513328
P182H,NP_004187:p.Pro182His,,,,,saturation,3.99378,,-0.278159886270054,,Uncertain,False,0.134,30.8,UP,neutral,,,,96.84,T,-0.1668,2.1695,-22.2506,loss_of_function,-4.22416163805815,0.5918697449548871,0.3276,benign,https://doi.org/10.1101/2022.10.22.513328
P182I,NP_004187:p.Pro182Ile,,,,,saturation,2.52522,,-0.6727385455017082,,Uncertain,False,0.134,30.8,UP,neutral,,,,96.84,T,-0.1723,2.1695,-22.2506,loss_of_function,-3.05522423627297,0.6839961174883256,0.3845,ambiguous,https://doi.org/10.1101/2022.10.22.513328
P182K,NP_004187:p.Pro182Lys,,,,,saturation,1.44488,,0.7842809338196052,,Neutral,False,0.134,30.8,UP,neutral,,,,96.84,T,-0.0626,2.1695,-2.7341,loss_of_function,-2.36868125174304,0.7381039890103,0.4316,ambiguous,https://doi.org/10.1101/2022.10.22.513328
P182L,NP_004187:p.Pro182Leu,,,,,saturation,1.39075,,-1.2469217960819916,,Neutral,False,0.134,30.8,UP,neutral,,,,96.84,T,-0.109,2.1695,-8.9628,loss_of_function,-3.21127852150598,0.6716971567442688,0.1776,benign,https://doi.org/10.1101/2022.10.22.513328
P182M,NP_004187:p.Pro182Met,,,,,saturation,1.65671,,-0.5475134189722919,,Neutral,False,0.134,30.8,UP,neutral,,,,96.84,T,-0.0549,2.1695,-7.9628,loss_of_function,-1.96299701476363,0.7700768021736325,0.3482,ambiguous,https://doi.org/10.1101/2022.10.22.513328
P182N,NP_004187:p.Pro182Asn,,,,,saturation,3.92502,,0.2406236652719551,,Uncertain,False,0.134,30.8,-,uncertain,,,,96.84,T,-0.1549,2.1695,-22.2506,loss_of_function,-3.24668314309957,0.6689068453440558,0.576,pathogenic,https://doi.org/10.1101/2022.10.22.513328
P182Q,NP_004187:p.Pro182Gln,,,,,saturation,2.1761,,0.3353726697238579,,Uncertain,False,0.134,30.8,UP,neutral,,,,96.84,T,-0.1565,2.1695,-22.2506,loss_of_function,-3.18376940867112,0.6738652067811812,0.2613,benign,https://doi.org/10.1101/2022.10.22.513328
P182R,NP_004187:p.Pro182Arg,,,,,saturation,2.06995,,0.0655164985770062,,Uncertain,False,0.134,30.8,UP,neutral,,,,96.84,T,-0.1053,2.1695,-4.1049,loss_of_function,-2.20074831335729,0.751339130959504,0.3197,benign,https://doi.org/10.1101/2022.10.22.513328
P182S,NP_004187:p.Pro182Ser,,,,,saturation,4.25376,1.49252,0.8625424400361816,Uncertain,Uncertain,False,0.134,30.8,DOWN,mixed_effects,,,,96.84,T,-0.0322,2.1695,-3.5035,loss_of_function,0.0528132613883386,0.9289469762085277,0.1708,benign,https://doi.org/10.1101/2022.10.22.513328
P182T,NP_004187:p.Pro182Thr,,,,,saturation,3.33486,,0.3790514145217027,,Uncertain,False,0.134,30.8,-,uncertain,,,,96.84,T,-0.0417,2.1695,-2.9856,loss_of_function,-1.25329276773144,0.8260100606618972,0.1653,benign,https://doi.org/10.1101/2022.10.22.513328
P182V,NP_004187:p.Pro182Val,,,,,saturation,3.41143,,-0.485255758927407,,Uncertain,False,0.134,30.8,UP,neutral,,,,96.84,T,-0.0599,2.1695,-8.9628,loss_of_function,-2.98600365384123,0.6894515346512542,0.2747,benign,https://doi.org/10.1101/2022.10.22.513328
P182W,NP_004187:p.Pro182Trp,,,,,saturation,3.27313,,-0.7775537032123675,,Uncertain,False,0.134,30.8,UP,neutral,,,,96.84,T,-0.2018,2.1695,-22.2506,loss_of_function,-4.19635654546177,0.5940611217685204,0.6811,pathogenic,https://doi.org/10.1101/2022.10.22.513328
P182Y,NP_004187:p.Pro182Tyr,,,,,saturation,4.40237,,-0.5854775436563192,,Uncertain,False,0.134,30.8,UP,neutral,,,,96.84,T,-0.1902,2.1695,-22.2506,loss_of_function,-3.2870200982495,0.6657278065423785,0.4993,ambiguous,https://doi.org/10.1101/2022.10.22.513328
L196A,NP_004187:p.Leu196Ala,,,,,saturation,4.22951,,3.799765753103928,,Destabilizing,True,0.21,0.4,DOWN,neutral,,,,98.46,H,-0.2556,1.0447,-8.9628,loss_of_function,-4.5819436278028,0.5636722068979879,0.8943,pathogenic,https://doi.org/10.1101/2022.10.22.513328
L196C,NP_004187:p.Leu196Cys,,,,,saturation,4.16944,,3.8932238636244274,,Destabilizing,True,0.21,0.4,DOWN,neutral,,,,98.46,H,-0.3127,1.0447,-22.2506,loss_of_function,-3.31052556194362,0.6638752923687805,0.8256,pathogenic,https://doi.org/10.1101/2022.10.22.513328
L196D,NP_004187:p.Leu196Asp,,,,,saturation,6.63095,,4.779532464407201,,Destabilizing,True,0.21,0.4,DOWN,neutral,,,,98.46,H,-0.445,1.0447,-22.2506,loss_of_function,-7.82913816102826,0.30775409460248443,0.999,pathogenic,https://doi.org/10.1101/2022.10.22.513328
L196E,NP_004187:p.Leu196Glu,,,,,saturation,5.45624,,4.226021890875467,,Destabilizing,True,0.21,0.4,DOWN,neutral,,,,98.46,H,-0.413,1.0447,-22.2506,loss_of_function,-8.89375539302138,0.22384941025383476,0.994,pathogenic,https://doi.org/10.1101/2022.10.22.513328
L196F,NP_004187:p.Leu196Phe,,,,,saturation,4.90578,,2.007959231986541,,Uncertain,True,0.21,0.4,UP,neutral,,,,98.46,H,-0.2569,1.0447,-22.2506,loss_of_function,-5.10736751419747,0.5222624644925874,0.7258,pathogenic,https://doi.org/10.1101/2022.10.22.513328
L196G,NP_004187:p.Leu196Gly,,,,,saturation,6.34954,,5.614562935967877,,Destabilizing,True,0.21,0.4,DOWN,neutral,,,,98.46,H,-0.3983,1.0447,-22.2506,loss_of_function,-8.50564161179499,0.2544374594855717,0.9692,pathogenic,https://doi.org/10.1101/2022.10.22.513328
L196H,NP_004187:p.Leu196His,,,,,saturation,6.3911,,3.197965766763192,,Destabilizing,True,0.21,0.4,DOWN,neutral,,,,98.46,H,-0.3658,1.0447,-22.2506,loss_of_function,-5.83682251130413,0.46477260857113534,0.9884,pathogenic,https://doi.org/10.1101/2022.10.22.513328
L196I,NP_004187:p.Leu196Ile,,,,,saturation,2.37772,,2.11651746856014,,Uncertain,True,0.21,0.4,-,uncertain,,,,98.46,H,-0.1144,1.0447,-5.9629,loss_of_function,-2.47280764805011,0.7298975725143442,0.3139,benign,https://doi.org/10.1101/2022.10.22.513328
L196K,NP_004187:p.Leu196Lys,,,,,saturation,3.20773,,5.268828324380672,,Destabilizing,True,0.21,0.4,-,uncertain,,,,98.46,H,-0.412,1.0447,-22.2506,loss_of_function,-9.04319975433578,0.21207139127484897,0.9951,pathogenic,https://doi.org/10.1101/2022.10.22.513328
L196M,NP_004187:p.Leu196Met,,,,,saturation,0.31684,,1.7915160344510146,,Neutral,True,0.21,0.4,-,uncertain,,,,98.46,H,-0.1169,1.0447,-1.8861,loss_of_function,-1.72109427859177,0.7891416567632731,0.1752,benign,https://doi.org/10.1101/2022.10.22.513328
L196N,NP_004187:p.Leu196Asn,,,,,saturation,3.69994,,3.586187316956165,,Destabilizing,True,0.21,0.4,DOWN,neutral,,,,98.46,H,-0.3913,1.0447,-22.2506,loss_of_function,-7.77876194797995,0.3117243480677469,0.987,pathogenic,https://doi.org/10.1101/2022.10.22.513328
L196P,NP_004187:p.Leu196Pro,,,,,saturation,7.76005,,7.999737692271048,,Destabilizing,True,0.21,0.4,DOWN,neutral,,,,98.46,H,-0.4068,1.0447,-22.2506,loss_of_function,-8.90878799294182,0.22266465998551277,0.9988,pathogenic,https://doi.org/10.1101/2022.10.22.513328
L196Q,NP_004187:p.Leu196Gln,,,,,saturation,4.14359,,3.1713678379800623,,Destabilizing,True,0.21,0.4,DOWN,neutral,,,,98.46,H,-0.3442,1.0447,-22.2506,loss_of_function,-8.41435434167975,0.26163199791111413,0.9705,pathogenic,https://doi.org/10.1101/2022.10.22.513328
L196R,NP_004187:p.Leu196Arg,,,,,saturation,4.63052,,4.298905549776024,,Destabilizing,True,0.21,0.4,UP,neutral,,,,98.46,H,-0.4036,1.0447,-22.2506,loss_of_function,-7.68140824935068,0.31939699426225754,0.9923,pathogenic,https://doi.org/10.1101/2022.10.22.513328
L196S,NP_004187:p.Leu196Ser,,,,,saturation,4.84976,,4.8512125781479325,,Destabilizing,True,0.21,0.4,DOWN,neutral,,,,98.46,H,-0.3538,1.0447,-22.2506,loss_of_function,-6.09359666661003,0.4445357067040689,0.9681,pathogenic,https://doi.org/10.1101/2022.10.22.513328
L196T,NP_004187:p.Leu196Thr,,,,,saturation,4.80713,,3.8834954433005886,,Destabilizing,True,0.21,0.4,DOWN,neutral,,,,98.46,H,-0.2536,1.0447,-7.9628,loss_of_function,-4.00372426822079,0.6092428696602082,0.9169,pathogenic,https://doi.org/10.1101/2022.10.22.513328
L196V,NP_004187:p.Leu196Val,,,,,saturation,3.89437,,2.56209318513593,,Uncertain,True,0.21,0.4,DOWN,neutral,,,,98.46,H,-0.1609,1.0447,-7.9628,loss_of_function,-1.6856722081424,0.7919333433438726,0.392,ambiguous,https://doi.org/10.1101/2022.10.22.513328
L196W,NP_004187:p.Leu196Trp,,,,,saturation,7.16824,,3.188983617920206,,Destabilizing,True,0.21,0.4,UP,neutral,,,,98.46,H,-0.356,1.0447,-22.2506,loss_of_function,-5.50919189815284,0.4905938543234221,0.9718,pathogenic,https://doi.org/10.1101/2022.10.22.513328
L196Y,NP_004187:p.Leu196Tyr,,,,,saturation,8.22242,,3.021448266929909,,Destabilizing,True,0.21,0.4,UP,neutral,,,,98.46,H,-0.3489,1.0447,-22.2506,loss_of_function,-5.58796771182406,0.48438536963825735,0.972,pathogenic,https://doi.org/10.1101/2022.10.22.513328
Q227A,NP_004187:p.Gln227Ala,,,,,saturation,0.61519,,0.3013890528682877,,Neutral,False,0.056,57.7,DOWN,neutral,,,,96.91,H,-0.0344,2.1478,-8.9511,loss_of_function,-2.90295686739472,0.6959966235278628,0.2761,benign,https://doi.org/10.1101/2022.10.22.513328
Q227C,NP_004187:p.Gln227Cys,,,,,saturation,1.0384,,0.8563925204172093,,Neutral,False,0.056,57.7,DOWN,neutral,,,,96.91,H,-0.1485,2.1478,-22.239,loss_of_function,-4.25120454430372,0.589738437622808,0.3818,ambiguous,https://doi.org/10.1101/2022.10.22.513328
Q227D,NP_004187:p.Gln227Asp,,,,,saturation,0.88607,,0.6145849037393832,,Neutral,False,0.056,57.7,DOWN,neutral,,,,96.91,H,-0.1888,2.1478,-22.239,loss_of_function,-3.46622085452969,0.6516046245771763,0.5863,pathogenic,https://doi.org/10.1101/2022.10.22.513328
Q227E,NP_004187:p.Gln227Glu,,,,,saturation,0.48482,,0.2106602945146141,,Neutral,False,0.056,57.7,DOWN,neutral,,,,96.91,H,-0.0226,2.1478,-5.6293,loss_of_function,-0.929461195677157,0.8515318961336691,0.1051,benign,https://doi.org/10.1101/2022.10.22.513328
Q227F,NP_004187:p.Gln227Phe,,,,,saturation,-0.74184,,-0.3044283524626823,,Neutral,False,0.056,57.7,UP,neutral,,,,96.91,H,-0.1565,2.1478,-22.239,loss_of_function,-2.16559179034488,0.7541098891977769,0.5507,ambiguous,https://doi.org/10.1101/2022.10.22.513328
Q227G,NP_004187:p.Gln227Gly,,,,,saturation,1.46268,,1.3163641865861495,,Neutral,False,0.056,57.7,DOWN,neutral,,,,96.91,H,-0.1051,2.1478,-8.9511,loss_of_function,-5.29504545804763,0.5074711778547876,0.3512,ambiguous,https://doi.org/10.1101/2022.10.22.513328
Q227H,NP_004187:p.Gln227His,,,,,saturation,1.04062,,0.0149805949977321,,Neutral,False,0.056,57.7,UP,neutral,,,,96.91,H,-0.0223,2.1478,-6.3663,loss_of_function,0.645203930447584,0.9756345091591709,0.1905,benign,https://doi.org/10.1101/2022.10.22.513328
Q227I,NP_004187:p.Gln227Ile,,,,,saturation,0.04887,,-0.5733437670682895,,Neutral,False,0.056,57.7,UP,neutral,,,,96.91,H,-0.048,2.1478,-4.6294,loss_of_function,-0.591020559479878,0.878205102143801,0.3068,benign,https://doi.org/10.1101/2022.10.22.513328
Q227K,NP_004187:p.Gln227Lys,,,,,saturation,0.04404,,0.1315519969850581,,Neutral,False,0.056,57.7,UP,neutral,,,,96.91,H,-0.0436,2.1478,-4.2508,loss_of_function,-1.29113441229613,0.8230276824446201,0.0989,benign,https://doi.org/10.1101/2022.10.22.513328
Q227L,NP_004187:p.Gln227Leu,,,,,saturation,-0.45577,,-0.8217390282562814,,Neutral,False,0.056,57.7,UP,neutral,,,,96.91,H,-0.0317,2.1478,-4.7034,loss_of_function,-0.755022638103513,0.8652797593765448,0.1137,benign,https://doi.org/10.1101/2022.10.22.513328
Q227M,NP_004187:p.Gln227Met,,,,,saturation,-0.50314,,-0.208502864138258,,Neutral,False,0.056,57.7,UP,neutral,,,,96.91,H,0.0078,2.1478,-2.6475,gain_of_function,-0.505934485488023,0.8849109114865513,0.2489,benign,https://doi.org/10.1101/2022.10.22.513328
Q227N,NP_004187:p.Gln227Asn,,,,,saturation,1.03776,,0.2834681981986409,,Neutral,False,0.056,57.7,DOWN,neutral,,,,96.91,H,-0.0501,2.1478,-8.9511,loss_of_function,-2.90441027530814,0.6958820774463788,0.4032,ambiguous,https://doi.org/10.1101/2022.10.22.513328
Q227P,NP_004187:p.Gln227Pro,"hg19,14:g.50805726T>G, hg38,14:g.50339008T>G",,,0.31,"cBioPortal,COSMIC,saturation",2.47849,6.74932,6.223399983548489,Uncertain,Uncertain,False,0.056,57.7,DOWN,neutral,,,,96.91,H,-0.2759,2.1478,-22.239,loss_of_function,-4.56009503980025,0.5653941392739891,0.8307,pathogenic,https://doi.org/10.1101/2022.10.22.513328
Q227R,NP_004187:p.Gln227Arg,,,,,saturation,-0.67657,,-0.1992805640701572,,Neutral,False,0.056,57.7,UP,neutral,,,,96.91,H,-0.04,2.1478,-3.822,loss_of_function,-1.33446149925523,0.8196129851752137,0.092,benign,https://doi.org/10.1101/2022.10.22.513328
Q227S,NP_004187:p.Gln227Ser,,,,,saturation,0.65389,,0.7789863827672261,,Neutral,False,0.056,57.7,DOWN,neutral,,,,96.91,H,-0.0478,2.1478,-7.9512,loss_of_function,-2.09304514319294,0.7598274403954413,0.3472,ambiguous,https://doi.org/10.1101/2022.10.22.513328
Q227T,NP_004187:p.Gln227Thr,,,,,saturation,0.05284,,0.174848376180593,,Neutral,False,0.056,57.7,DOWN,neutral,,,,96.91,H,-0.0577,2.1478,-7.9512,loss_of_function,-2.84392017405922,0.7006494273435869,0.264,benign,https://doi.org/10.1101/2022.10.22.513328
Q227V,NP_004187:p.Gln227Val,,,,,saturation,0.73018,,-0.3489026669002454,,Neutral,False,0.056,57.7,-,uncertain,,,,96.91,H,-0.0548,2.1478,-5.9513,loss_of_function,-0.556600253766039,0.8809178375751981,0.2111,benign,https://doi.org/10.1101/2022.10.22.513328
Q227W,NP_004187:p.Gln227Trp,,,,,saturation,-0.96373,,-0.765550329961,,Neutral,False,0.056,57.7,UP,neutral,,,,96.91,H,-0.1559,2.1478,-22.239,loss_of_function,-2.97405558241689,0.6903931868538563,0.392,ambiguous,https://doi.org/10.1101/2022.10.22.513328
Q227Y,NP_004187:p.Gln227Tyr,,,,,saturation,-1.20794,,-0.1321076334373477,,Neutral,False,0.056,57.7,UP,neutral,,,,96.91,H,-0.1588,2.1478,-22.239,loss_of_function,-2.49822901904973,0.7278940617263027,0.3288,benign,https://doi.org/10.1101/2022.10.22.513328
L264A,NP_004187:p.Leu264Ala,,,,,saturation,3.27222,,2.9255706533246792,,Uncertain,False,0.048,1.0,DOWN,neutral,,,,98.54,H,-0.2686,1.6356,-22.1704,loss_of_function,-4.98852482345593,0.5316287025677922,0.6919,pathogenic,https://doi.org/10.1101/2022.10.22.513328
L264C,NP_004187:p.Leu264Cys,,,,,saturation,3.32438,,3.0955346238174646,,Destabilizing,False,0.048,1.0,DOWN,neutral,,,,98.54,H,-0.1901,1.6356,-8.8825,loss_of_function,-6.67088812116935,0.3990381740544324,0.5463,ambiguous,https://doi.org/10.1101/2022.10.22.513328
L264D,NP_004187:p.Leu264Asp,,,,,saturation,4.56383,,3.982831698875282,,Destabilizing,False,0.048,1.0,DOWN,neutral,,,,98.54,H,-0.3902,1.6356,-22.1704,loss_of_function,-8.36263936715165,0.26570776193548123,0.9917,pathogenic,https://doi.org/10.1101/2022.10.22.513328
L264E,NP_004187:p.Leu264Glu,,,,,saturation,3.51954,,3.4945180970642635,,Destabilizing,False,0.048,1.0,DOWN,neutral,,,,98.54,H,-0.3582,1.6356,-22.1704,loss_of_function,-8.4691477507739,0.25731361609624914,0.9722,pathogenic,https://doi.org/10.1101/2022.10.22.513328
L264F,NP_004187:p.Leu264Phe,,,,,saturation,0.05375,,0.7069940617959982,,Neutral,False,0.048,1.0,UP,neutral,,,,98.54,H,-0.0948,1.6356,-1.1412,loss_of_function,-1.04460973958296,0.8424568014054584,0.0877,benign,https://doi.org/10.1101/2022.10.22.513328
L264G,NP_004187:p.Leu264Gly,,,,,saturation,5.04297,,4.831361528194552,,Destabilizing,False,0.048,1.0,DOWN,neutral,,,,98.54,H,-0.3435,1.6356,-22.1704,loss_of_function,-9.00012735702819,0.2154660159264405,0.9138,pathogenic,https://doi.org/10.1101/2022.10.22.513328
L264H,NP_004187:p.Leu264His,,,,,saturation,2.2773,,2.091834940273501,,Uncertain,False,0.048,1.0,DOWN,neutral,,,,98.54,H,-0.311,1.6356,-22.1704,loss_of_function,-5.72964046505941,0.47321984715393495,0.8585,pathogenic,https://doi.org/10.1101/2022.10.22.513328
L264I,NP_004187:p.Leu264Ile,"hg19,14:g.50801291G>T, hg38,14:g.50334573G>T",,,0.194,"cBioPortal,COSMIC,saturation",3.30958,1.54626,1.124320022441562,Uncertain,Uncertain,False,0.048,1.0,-,uncertain,,,,98.54,H,-0.058,1.6356,-5.5607,loss_of_function,-1.44331860282717,0.811033731862535,0.089,benign,https://doi.org/10.1101/2022.10.22.513328
L264K,NP_004187:p.Leu264Lys,,,,,saturation,4.26489,,4.989261522477104,,Destabilizing,False,0.048,1.0,-,uncertain,,,,98.54,H,-0.3573,1.6356,-22.1704,loss_of_function,-8.52099856668705,0.2532271461315765,0.9645,pathogenic,https://doi.org/10.1101/2022.10.22.513328
L264M,NP_004187:p.Leu264Met,,,,,saturation,-0.03876,,1.4139538036818105,,Neutral,False,0.048,1.0,-,uncertain,,,,98.54,H,-0.0839,1.6356,-6.0753,loss_of_function,-2.82052761358027,0.7024930433814549,0.126,benign,https://doi.org/10.1101/2022.10.22.513328
L264N,NP_004187:p.Leu264Asn,,,,,saturation,2.88835,,2.8551637273825614,,Uncertain,False,0.048,1.0,DOWN,neutral,,,,98.54,H,-0.3365,1.6356,-22.1704,loss_of_function,-8.07248027825162,0.2885757994173375,0.9456,pathogenic,https://doi.org/10.1101/2022.10.22.513328
L264P,NP_004187:p.Leu264Pro,,,,,saturation,9.01432,,8.815457843338143,,Destabilizing,False,0.048,1.0,DOWN,neutral,,,,98.54,H,-0.3521,1.6356,-22.1704,loss_of_function,-8.22167975507696,0.27681708029104907,0.9594,pathogenic,https://doi.org/10.1101/2022.10.22.513328
L264Q,NP_004187:p.Leu264Gln,,,,,saturation,3.05037,,2.5805440820439696,,Uncertain,False,0.048,1.0,DOWN,neutral,,,,98.54,H,-0.2894,1.6356,-22.1704,loss_of_function,-8.12843435211389,0.2841659432132955,0.8772,pathogenic,https://doi.org/10.1101/2022.10.22.513328
L264R,NP_004187:p.Leu264Arg,,,,,saturation,5.04001,,3.6039592807362655,,Destabilizing,False,0.048,1.0,UP,neutral,,,,98.54,H,-0.3489,1.6356,-22.1704,loss_of_function,-7.83734597097886,0.3071072201368049,0.9296,pathogenic,https://doi.org/10.1101/2022.10.22.513328
L264S,NP_004187:p.Leu264Ser,,,,,saturation,4.86728,,3.770908069947627,,Destabilizing,False,0.048,1.0,DOWN,neutral,,,,98.54,H,-0.299,1.6356,-22.1704,loss_of_function,-6.94448974397425,0.3774750646956391,0.8859,pathogenic,https://doi.org/10.1101/2022.10.22.513328
L264T,NP_004187:p.Leu264Thr,,,,,saturation,3.12001,,2.801681714784648,,Uncertain,False,0.048,1.0,DOWN,neutral,,,,98.54,H,-0.2718,1.6356,-22.1704,loss_of_function,-6.8292844041415,0.38655463562823533,0.6711,pathogenic,https://doi.org/10.1101/2022.10.22.513328
L264V,NP_004187:p.Leu264Val,,,,,saturation,3.09815,,1.4920703029423343,,Uncertain,False,0.048,1.0,DOWN,neutral,,,,98.54,H,-0.0839,1.6356,-3.5251,loss_of_function,-0.456976362138762,0.8887694023717979,0.0899,benign,https://doi.org/10.1101/2022.10.22.513328
L264W,NP_004187:p.Leu264Trp,,,,,saturation,1.31999,,1.8547544456507925,,Neutral,False,0.048,1.0,UP,neutral,,,,98.54,H,-0.2233,1.6356,-6.8826,loss_of_function,-3.61140430768602,0.6401624165763504,0.5771,pathogenic,https://doi.org/10.1101/2022.10.22.513328
L264Y,NP_004187:p.Leu264Tyr,,,,,saturation,2.85247,,1.5017748646203772,,Uncertain,False,0.048,1.0,UP,neutral,,,,98.54,H,-0.2942,1.6356,-22.1704,loss_of_function,-2.22334969211203,0.7495578695884941,0.6506,pathogenic,https://doi.org/10.1101/2022.10.22.513328
L282A,NP_004187:p.Leu282Ala,,,,,saturation,3.53888,,3.4036932298503864,,Destabilizing,False,0.079,0.1,DOWN,neutral,,,,98.64,H,-0.3302,0.1734,-7.861,loss_of_function,-1.81396949368435,0.7818219691121848,0.5795,pathogenic,https://doi.org/10.1101/2022.10.22.513328
L282C,NP_004187:p.Leu282Cys,,,,,saturation,3.50907,,3.556915900397385,,Destabilizing,False,0.079,0.1,DOWN,neutral,,,,98.64,H,-0.3245,0.1734,-8.8609,loss_of_function,-2.55556134537491,0.7233755825971587,0.6796,pathogenic,https://doi.org/10.1101/2022.10.22.513328
L282D,NP_004187:p.Leu282Asp,,,,,saturation,5.49858,,4.499116002341943,,Destabilizing,False,0.079,0.1,DOWN,neutral,,,,98.64,H,-0.5246,0.1734,-22.1488,loss_of_function,-7.09163739173181,0.36587805445879545,0.9962,pathogenic,https://doi.org/10.1101/2022.10.22.513328
L282E,NP_004187:p.Leu282Glu,,,,,saturation,5.18035,,3.930485831830061,,Destabilizing,False,0.079,0.1,DOWN,neutral,,,,98.64,H,-0.4927,0.1734,-22.1488,loss_of_function,-6.7571901803674,0.39223653040444717,0.9837,pathogenic,https://doi.org/10.1101/2022.10.22.513328
L282F,NP_004187:p.Leu282Phe,,,,,saturation,5.25137,,2.14668926234998,,Uncertain,False,0.079,0.1,UP,neutral,,,,98.64,H,-0.2585,0.1734,-6.8611,loss_of_function,-4.42852130733752,0.5757637370590927,0.6055,pathogenic,https://doi.org/10.1101/2022.10.22.513328
L282G,NP_004187:p.Leu282Gly,,,,,saturation,5.27369,,5.11500470082242,,Destabilizing,False,0.079,0.1,DOWN,neutral,,,,98.64,H,-0.4779,0.1734,-22.1488,loss_of_function,-4.15195310089105,0.5975606490058581,0.8596,pathogenic,https://doi.org/10.1101/2022.10.22.513328
L282H,NP_004187:p.Leu282His,,,,,saturation,3.67451,,3.27777663560306,,Destabilizing,False,0.079,0.1,DOWN,neutral,,,,98.64,H,-0.4455,0.1734,-22.1488,loss_of_function,-6.15659736562077,0.43957049140847937,0.9511,pathogenic,https://doi.org/10.1101/2022.10.22.513328
L282I,NP_004187:p.Leu282Ile,,,,,saturation,1.27412,,2.265364666275088,,Uncertain,False,0.079,0.1,-,uncertain,,,,98.64,H,-0.2043,0.1734,-7.861,loss_of_function,-1.54069520188743,0.8033592808377286,0.2374,benign,https://doi.org/10.1101/2022.10.22.513328
L282K,NP_004187:p.Leu282Lys,,,,,saturation,4.35543,,4.259616174890879,,Destabilizing,False,0.079,0.1,-,uncertain,,,,98.64,H,-0.4917,0.1734,-22.1488,loss_of_function,-5.56242623798015,0.48639834597967957,0.9865,pathogenic,https://doi.org/10.1101/2022.10.22.513328
L282M,NP_004187:p.Leu282Met,,,,,saturation,1.21491,,1.989741123270408,,Neutral,False,0.079,0.1,-,uncertain,,,,98.64,H,-0.3005,0.1734,-22.1488,loss_of_function,-3.51650886348222,0.647641322658998,0.2246,benign,https://doi.org/10.1101/2022.10.22.513328
L282N,NP_004187:p.Leu282Asn,,,,,saturation,4.29362,,3.442304366955918,,Destabilizing,False,0.079,0.1,DOWN,neutral,,,,98.64,H,-0.4709,0.1734,-22.1488,loss_of_function,-6.73006066323651,0.39437466371940116,0.9552,pathogenic,https://doi.org/10.1101/2022.10.22.513328
L282P,NP_004187:p.Leu282Pro,,,,,saturation,6.33017,,9.594816575444236,,Destabilizing,False,0.079,0.1,DOWN,neutral,,,,98.64,H,-0.4865,0.1734,-22.1488,loss_of_function,-7.05896288346241,0.3684531999854734,0.9943,pathogenic,https://doi.org/10.1101/2022.10.22.513328
L282Q,NP_004187:p.Leu282Gln,,,,,saturation,3.84374,,3.0521845691301217,,Destabilizing,False,0.079,0.1,DOWN,neutral,,,,98.64,H,-0.4239,0.1734,-22.1488,loss_of_function,-7.26209704445883,0.35244377693027473,0.9129,pathogenic,https://doi.org/10.1101/2022.10.22.513328
L282R,NP_004187:p.Leu282Arg,,,,,saturation,7.73215,,3.503890155919536,,Destabilizing,False,0.079,0.1,UP,neutral,,,,98.64,H,-0.4833,0.1734,-22.1488,loss_of_function,-7.06800546886823,0.36774053514089766,0.9685,pathogenic,https://doi.org/10.1101/2022.10.22.513328
L282S,NP_004187:p.Leu282Ser,,,,,saturation,5.08617,,4.354314925250035,,Destabilizing,False,0.079,0.1,DOWN,neutral,,,,98.64,H,-0.4335,0.1734,-22.1488,loss_of_function,-2.76933910829327,0.7065273152768516,0.8562,pathogenic,https://doi.org/10.1101/2022.10.22.513328
L282T,NP_004187:p.Leu282Thr,,,,,saturation,3.24819,,3.51168703787378,,Destabilizing,False,0.079,0.1,DOWN,neutral,,,,98.64,H,-0.4062,0.1734,-22.1488,loss_of_function,-2.70188308176904,0.7118436641418174,0.8307,pathogenic,https://doi.org/10.1101/2022.10.22.513328
L282V,NP_004187:p.Leu282Val,,,,,saturation,2.63739,,2.618834902047896,,Uncertain,False,0.079,0.1,DOWN,neutral,,,,98.64,H,-0.3135,0.1734,-22.1488,loss_of_function,-1.43739245876801,0.8115007835236824,0.2562,benign,https://doi.org/10.1101/2022.10.22.513328
L282W,NP_004187:p.Leu282Trp,,,,,saturation,15.27688,,2.69880052362527,,Uncertain,False,0.079,0.1,UP,neutral,,,,98.64,H,-0.4357,0.1734,-22.1488,loss_of_function,-7.04528208489061,0.36953141199567663,0.9123,pathogenic,https://doi.org/10.1101/2022.10.22.513328
L282Y,NP_004187:p.Leu282Tyr,,,,,saturation,14.61902,,2.8772261215714794,,Uncertain,False,0.079,0.1,UP,neutral,,,,98.64,H,-0.4286,0.1734,-22.1488,loss_of_function,-6.7209791950041,0.39509039299990145,0.8944,pathogenic,https://doi.org/10.1101/2022.10.22.513328
H284A,NP_004187:p.His284Ala,,,,,saturation,0.89989,,0.4406979905954289,,Neutral,False,0.059,73.5,DOWN,mixed_effects,,,,97.52,T,0.0451,2.8107,-5.8611,gain_of_function,-0.377688530732041,0.8950182402329091,0.075,benign,https://doi.org/10.1101/2022.10.22.513328
H284C,NP_004187:p.His284Cys,,,,,saturation,1.26499,,1.1235437123453813,,Neutral,False,0.059,73.5,DOWN,mixed_effects,,,,97.52,T,-0.0925,2.8107,-22.1488,loss_of_function,-1.80969448080755,0.7821588917123786,0.0736,benign,https://doi.org/10.1101/2022.10.22.513328
H284D,NP_004187:p.His284Asp,,,,,saturation,0.69397,,0.3326886210484409,,Neutral,False,0.059,73.5,DOWN,mixed_effects,,,,97.52,T,0.0026,2.8107,-4.9542,gain_of_function,0.241599608749589,0.943825618417827,0.083,benign,https://doi.org/10.1101/2022.10.22.513328
H284E,NP_004187:p.His284Glu,,,,,saturation,0.71972,,0.1534101486626649,,Neutral,False,0.059,73.5,DOWN,mixed_effects,,,,97.52,T,0.0054,2.8107,-2.1332,gain_of_function,0.370918163127325,0.9540174809571681,0.0786,benign,https://doi.org/10.1101/2022.10.22.513328
H284F,NP_004187:p.His284Phe,,,,,saturation,0.10943,,-0.1919148755235555,,Neutral,False,0.059,73.5,UP,mixed_effects,,,,97.52,T,-0.0596,2.8107,-22.1488,loss_of_function,-2.92810104991033,0.694014958537125,0.1632,benign,https://doi.org/10.1101/2022.10.22.513328
H284G,NP_004187:p.His284Gly,,,,,saturation,0.49779,,0.9938180977783788,,Neutral,False,0.059,73.5,DOWN,mixed_effects,,,,97.52,T,-0.0476,2.8107,-7.861,loss_of_function,-0.379399288450762,0.8948834118813921,0.0888,benign,https://doi.org/10.1101/2022.10.22.513328
H284I,NP_004187:p.His284Ile,,,,,saturation,1.45094,,-0.0155745185384037,,Neutral,False,0.059,73.5,UP,mixed_effects,,,,97.52,T,-0.1242,2.8107,-22.1488,loss_of_function,-2.59997116741695,0.7198755527381256,0.1279,benign,https://doi.org/10.1101/2022.10.22.513328
H284K,NP_004187:p.His284Lys,,,,,saturation,0.85709,,0.0367743032794026,,Neutral,False,0.059,73.5,UP,mixed_effects,,,,97.52,T,0.0171,2.8107,-2.9542,gain_of_function,0.309292534467167,0.9491606377978314,0.0875,benign,https://doi.org/10.1101/2022.10.22.513328
H284L,NP_004187:p.His284Leu,,,,,saturation,0.40624,,-0.4741486033287156,,Neutral,False,0.059,73.5,UP,mixed_effects,,,,97.52,T,-0.0098,2.8107,-6.8611,loss_of_function,-0.397463044078794,0.8934597699671204,0.0588,benign,https://doi.org/10.1101/2022.10.22.513328
H284M,NP_004187:p.His284Met,,,,,saturation,0.09887,,-0.127402606888306,,Neutral,False,0.059,73.5,UP,mixed_effects,,,,97.52,T,0.0299,2.8107,-8.8609,gain_of_function,-1.2888110209822,0.8232107937159346,0.1612,benign,https://doi.org/10.1101/2022.10.22.513328
H284N,NP_004187:p.His284Asn,,,,,saturation,0.66646,,0.1974252653616953,,Neutral,False,0.059,73.5,DOWN,mixed_effects,,,,97.52,T,0.042,2.8107,-5.1606,gain_of_function,-0.551108685658285,0.8813506394074563,0.0676,benign,https://doi.org/10.1101/2022.10.22.513328
H284P,NP_004187:p.His284Pro,,,,,saturation,1.43406,,5.190859400177154,,Uncertain,False,0.059,73.5,DOWN,mixed_effects,,,,97.52,T,-0.2012,2.8107,-22.1488,loss_of_function,-4.20902754350335,0.5930624942251068,0.2383,benign,https://doi.org/10.1101/2022.10.22.513328
H284Q,NP_004187:p.His284Gln,,,,,saturation,0.79307,,0.3187800607996383,,Neutral,False,0.059,73.5,DOWN,mixed_effects,,,,97.52,T,0.0983,2.8107,-1.6812,gain_of_function,0.523074814148517,0.9660092610935648,0.0608,benign,https://doi.org/10.1101/2022.10.22.513328
H284R,NP_004187:p.His284Arg,,,,,saturation,0.47404,,-0.1509814780092355,,Neutral,False,0.059,73.5,UP,mixed_effects,,,,97.52,T,0.0213,2.8107,-3.4017,gain_of_function,0.383741481034653,0.955028113144008,0.0621,benign,https://doi.org/10.1101/2022.10.22.513328
H284S,NP_004187:p.His284Ser,,,,,saturation,0.14739,,0.6197906285643725,,Neutral,False,0.059,73.5,DOWN,mixed_effects,,,,97.52,T,0.0382,2.8107,-6.0537,gain_of_function,-0.514680623524234,0.8842216102718564,0.0767,benign,https://doi.org/10.1101/2022.10.22.513328
H284T,NP_004187:p.His284Thr,,,,,saturation,0.56076,,0.4694340644441064,,Neutral,False,0.059,73.5,DOWN,mixed_effects,,,,97.52,T,-0.0005,2.8107,-4.8611,loss_of_function,-0.738572499092619,0.8665762288302812,0.0795,benign,https://doi.org/10.1101/2022.10.22.513328
H284V,NP_004187:p.His284Val,,,,,saturation,2.02312,,0.1259923002888169,,Uncertain,False,0.059,73.5,DOWN,mixed_effects,,,,97.52,T,-0.0806,2.8107,-22.1488,loss_of_function,-2.25016061982361,0.7474448449641199,0.1,benign,https://doi.org/10.1101/2022.10.22.513328
H284W,NP_004187:p.His284Trp,,,,,saturation,0.55687,,-0.63511866089622,,Neutral,False,0.059,73.5,UP,mixed_effects,,,,97.52,T,-0.0759,2.8107,-22.1488,loss_of_function,-3.09024064696138,0.6812364017918839,0.18,benign,https://doi.org/10.1101/2022.10.22.513328
H284Y,NP_004187:p.His284Tyr,,,,,saturation,0.38651,,-0.0557439507737317,,Neutral,False,0.059,73.5,UP,mixed_effects,,,,97.52,T,-0.0098,2.8107,-22.1488,loss_of_function,-1.99837223932779,0.7672888076140651,0.0763,benign,https://doi.org/10.1101/2022.10.22.513328
