Mutation,HGVSp,HGVSg,gnomAD genome allele frequency,gnomAD exome allele frequency,REVEL score,Mutation sources,"Stability (FoldX5, alphafold, kcal/mol)","Stability (RaSP, alphafold, kcal/mol)","Stability classification, alphafold, (RaSP, FoldX)",EFoldMine - part of early folding region,EFoldMine score,Relative Side Chain Solvent Accessibility in wild-type,PTMs,is site part of phospho-SLiM,PTM residue SASA (%),"Change in stability with PTM (FoldX5, kcal/mol)",PTM effect in regulation,PTM effect in stability,PTM effect in function,ClinVar Variation ID,ClinVar Interpretation,ClinVar Review Status,AlphaFold2 model pLDDT score,AlphaFold2 model secondary structure,DeMaSk delta fitness,DeMaSk Shannon entropy,DeMaSk log2 variant frequency,DeMaSk predicted consequence,GEMME Score,GEMME Score (rank-normalized),AlphaMissense pathogenicity score,AlphaMissense classification,References
P69L,NP_001073007:p.Pro69Leu,"hg19,22:g.29196307G>A",,,0.299,"cBioPortal,saturation",-0.33199,-0.3855590484723775,Neutral,False,0.005,105.6,,True,105.6,,neutral,neutral,neutral,,,,83.93,H,-0.0623,2.5008,-5.7682,loss_of_function,-3.99436550618607,0.3637368405076536,0.3112,benign,https://doi.org/10.1101/2022.10.22.513328
E70Q,NP_001073007:p.Glu70Gln,"hg19,22:g.29196305C>G",,,0.731,"cBioPortal,saturation",0.27964,0.4352012845546116,Neutral,False,0.004,105.1,,True,105.1,,neutral,neutral,neutral,,,,87.23,H,-0.175,0.409,-6.4495,loss_of_function,-1.83823137733901,0.6854493354033869,0.6405,pathogenic,https://doi.org/10.1101/2022.10.22.513328
E71K,NP_001073007:p.Glu71Lys,"hg19,22:g.29196302C>T, hg19,22:g.29196302_29196303delinsTT, hg38,22:g.28800314C>T",,,0.441,"cBioPortal,COSMIC,saturation",0.99351,0.703681659895157,Neutral,False,0.008,96.5,,True,96.5,,neutral,neutral,neutral,,,,89.82,H,-0.2299,0.3912,-7.1898,loss_of_function,-5.22617717063936,0.1799406663685058,0.9768,pathogenic,https://doi.org/10.1101/2022.10.22.513328
A73T,NP_001073007:p.Ala73Thr,"hg19,22:g.29196296C>T",,,0.439,"cBioPortal,saturation",1.03304,-0.1744986566887496,Neutral,False,0.054,67.2,,True,67.2,,neutral,neutral,neutral,,,,90.71,H,-0.0785,2.5213,-22.0821,loss_of_function,-2.29882159913479,0.6167255823696488,0.4536,ambiguous,https://doi.org/10.1101/2022.10.22.513328
R75K,NP_001073007:p.Arg75Lys,"hg19,22:g.29196289C>T",,,0.559,"cBioPortal,saturation",0.24773,0.3882444101143995,Neutral,False,0.084,83.2,,True,83.2,,neutral,neutral,neutral,,,,92.55,H,-0.2704,0.3157,-22.1079,loss_of_function,-3.12633535974055,0.4932538962054002,0.9793,pathogenic,https://doi.org/10.1101/2022.10.22.513328
R75M,NP_001073007:p.Arg75Met,"hg19,22:g.29196289C>A",,,0.545,"cBioPortal,saturation",-0.45814,0.0662526454725465,Neutral,False,0.084,83.2,,True,83.2,,neutral,neutral,neutral,,,,92.55,H,-0.3485,0.3157,-22.1079,loss_of_function,-4.51116118712386,0.28662678244519946,0.9988,pathogenic,https://doi.org/10.1101/2022.10.22.513328
R76K,NP_001073007:p.Arg76Lys,"hg19,22:g.29196286C>T",,,0.481,"cBioPortal,saturation",-0.24257,0.4149597836308594,Neutral,False,0.072,95.0,,True,95.0,,neutral,neutral,neutral,,,,94.19,H,-0.1081,0.9527,-1.7888,loss_of_function,-1.08222690977362,0.798251261850716,0.9556,pathogenic,https://doi.org/10.1101/2022.10.22.513328
K77T,NP_001073007:p.Lys77Thr,"hg19,22:g.29195138_29195139delinsAG, hg38,22:g.28799150_28799151delinsAG",,,,"cBioPortal,COSMIC,saturation",1.00524,0.209474977659414,Neutral,False,0.067,85.4,,True,85.4,,neutral,neutral,neutral,,,,96.65,H,-0.2595,0.127,-7.8826,loss_of_function,-6.01992934951772,0.061506478819872624,0.9827,pathogenic,https://doi.org/10.1101/2022.10.22.513328
N80K,NP_001073007:p.Asn80Lys,"hg38,22:g.28799141G>T",,,0.776,"COSMIC,saturation",0.04775,-0.3435062863826765,Neutral,False,0.015,95.4,,True,95.4,,neutral,neutral,neutral,,,,97.87,H,-0.2559,0.0875,-8.8825,loss_of_function,-6.05794859931664,0.05583370199990031,0.9993,pathogenic,https://doi.org/10.1101/2022.10.22.513328
N80S,NP_001073007:p.Asn80Ser,"hg19,22:g.29195130T>C, hg38,22:g.28799142T>C",,,0.526,"cBioPortal,COSMIC,saturation",-0.05386,0.2152761894199312,Neutral,False,0.015,95.4,,True,95.4,,neutral,neutral,neutral,,,,97.87,H,-0.2904,0.0875,-22.1704,loss_of_function,-6.05794859931664,0.05583370199990031,0.9985,pathogenic,https://doi.org/10.1101/2022.10.22.513328
R81I,NP_001073007:p.Arg81Ile,"hg19,22:g.29195127C>A",,,0.910,"cBioPortal,saturation",-0.24338,-0.1067868841415475,Neutral,False,0.013,81.7,,True,81.7,,neutral,neutral,neutral,,,,98.13,H,-0.4329,0.0657,-22.1704,loss_of_function,-6.05794859931664,0.05583370199990031,0.9976,pathogenic,https://doi.org/10.1101/2022.10.22.513328
R81K,NP_001073007:p.Arg81Lys,"hg38,22:g.28799139C>T",,,0.352,"COSMIC,saturation",-0.23736,0.2548098057786907,Neutral,False,0.013,81.7,,True,81.7,,neutral,neutral,neutral,,,,98.13,H,-0.2259,0.0657,-8.8825,loss_of_function,-3.64377370653619,0.4160479472455538,0.9844,pathogenic,https://doi.org/10.1101/2022.10.22.513328
V82I,NP_001073007:p.Val82Ile,"hg19,22:g.29195125C>T",,,0.263,"cBioPortal,saturation",-0.70625,-0.3455128099342902,Neutral,False,0.017,79.2,,True,79.2,,neutral,neutral,neutral,,,,97.83,H,-0.1381,0.6405,-4.7066,loss_of_function,-3.55850296773841,0.4287710249767639,0.516,ambiguous,https://doi.org/10.1101/2022.10.22.513328
A83E,NP_001073007:p.Ala83Glu,"hg19,22:g.29195121G>T",,,0.675,"cBioPortal,saturation",-0.16037,-0.3096880943580354,Neutral,False,0.023,75.8,,True,75.8,,neutral,neutral,neutral,,,,98.21,H,-0.3957,0.1289,-22.1642,loss_of_function,-6.05794859931664,0.05583370199990031,0.9974,pathogenic,https://doi.org/10.1101/2022.10.22.513328
A84T,NP_001073007:p.Ala84Thr,"hg19,22:g.29195119C>T",,,0.437,"cBioPortal,saturation",1.20288,0.3777889323624439,Neutral,False,0.02,66.0,,True,66.0,,neutral,neutral,neutral,,,,98.25,H,-0.3048,0.0659,-22.1642,loss_of_function,-3.64377370653619,0.4160479472455538,0.9947,pathogenic,https://doi.org/10.1101/2022.10.22.513328
A87V,NP_001073007:p.Ala87Val,"hg19,22:g.29195109G>A",,,0.529,"cBioPortal,saturation",0.5444,-0.1370944263479423,Neutral,False,0.02,72.5,,True,72.5,,neutral,neutral,neutral,,,,98.61,H,-0.1536,0.9404,-8.8764,loss_of_function,-6.0050314664558,0.06372936238930901,0.992,pathogenic,https://doi.org/10.1101/2022.10.22.513328
R88K,NP_001073007:p.Arg88Lys,"hg19,22:g.29195106C>T",,,0.421,"cBioPortal,saturation",0.27653,0.301886934169564,Neutral,False,0.018,84.0,,True,84.0,,neutral,neutral,neutral,,,,98.48,H,-0.2937,0.0659,-22.1642,loss_of_function,-3.64377370653619,0.4160479472455538,0.9868,pathogenic,https://doi.org/10.1101/2022.10.22.513328
R90L,NP_001073007:p.Arg90Leu,"hg19,22:g.29195100C>A, hg38,22:g.28799112C>A",,,0.568,"cBioPortal,COSMIC,saturation",0.46251,-0.1398035403069325,Neutral,False,0.032,81.4,,True,81.4,,neutral,neutral,neutral,,,,98.38,H,-0.3893,0.2464,-22.1642,loss_of_function,-6.05978145428557,0.05556022534696512,0.9826,pathogenic,https://doi.org/10.1101/2022.10.22.513328
R90P,NP_001073007:p.Arg90Pro,"hg19,22:g.29195100C>G, hg38,22:g.28799112C>G",,,0.636,"cBioPortal,COSMIC,saturation",3.40759,7.711763223174612,Destabilizing,False,0.032,81.4,,True,81.4,,neutral,neutral,neutral,,,,98.38,H,-0.5289,0.2464,-22.1642,loss_of_function,-6.05978145428557,0.05556022534696512,0.9994,pathogenic,https://doi.org/10.1101/2022.10.22.513328
R90Q,NP_001073007:p.Arg90Gln,"hg19,22:g.29195100C>T",,,0.455,"cBioPortal,saturation",0.30442,0.6296761486478255,Neutral,False,0.032,81.4,,True,81.4,,neutral,neutral,neutral,,,,98.38,H,-0.3615,0.2464,-22.1642,loss_of_function,-6.05978145428557,0.05556022534696512,0.9366,pathogenic,https://doi.org/10.1101/2022.10.22.513328
R94G,NP_001073007:p.Arg94Gly,"hg19,22:g.29195089G>C, hg38,22:g.28799101G>C",,,0.373,"cBioPortal,COSMIC,saturation",1.179,1.337612117251941,Neutral,False,0.015,86.6,,True,86.6,,neutral,neutral,neutral,,,,97.83,H,-0.3026,1.5466,-22.1795,loss_of_function,-4.86778822706476,0.23341516947935068,0.866,pathogenic,https://doi.org/10.1101/2022.10.22.513328
E97G,NP_001073007:p.Glu97Gly,"hg19,22:g.29195079T>C",,,0.339,"cBioPortal,saturation",0.89801,0.9257308134004988,Neutral,False,0.011,72.3,,True,72.3,,neutral,neutral,neutral,,,,98.22,H,-0.1286,1.6274,-8.9007,loss_of_function,-5.08852115232755,0.2004800477066167,0.5986,pathogenic,https://doi.org/10.1101/2022.10.22.513328
E99K,NP_001073007:p.Glu99Lys,"hg38,22:g.28799086C>T",,1.19326046489e-05,0.465,"COSMIC,saturation",-0.29667,0.1192799618962586,Neutral,False,0.023,75.4,,True,75.4,,neutral,neutral,neutral,,,,97.98,H,-0.3013,0.4465,-22.1856,loss_of_function,-6.08990279759067,0.05106587948292725,0.971,pathogenic,https://doi.org/10.1101/2022.10.22.513328
Q100R,NP_001073007:p.Gln100Arg,"hg19,22:g.29195070T>C, hg38,22:g.28799082T>C",,3.9775032417e-06,0.234,"cBioPortal,COSMIC,saturation",-0.34317,-0.3322752273559182,Neutral,False,0.034,69.2,,True,69.2,,neutral,neutral,neutral,,,,98.06,H,0.0194,2.882,-5.4354,gain_of_function,-2.19989655526987,0.6314859918653564,0.158,benign,https://doi.org/10.1101/2022.10.22.513328
Q101L,NP_001073007:p.Gln101Leu,"hg19,22:g.29195067T>A",,,0.309,"cBioPortal,saturation",-0.33717,-0.8546251501878654,Neutral,False,0.052,59.4,,True,59.4,,neutral,neutral,neutral,,,,98.06,H,-0.0063,2.5276,-6.5729,loss_of_function,-3.55758553062591,0.42890791394782724,0.2786,benign,https://doi.org/10.1101/2022.10.22.513328
V103L,NP_001073007:p.Val103Leu,"hg19,22:g.28799074C>A, hg19,22:g.29195062C>G",,,0.093,"cBioPortal,saturation",-0.63689,-0.2763055965475997,Neutral,False,0.094,60.8,,True,60.8,,neutral,neutral,neutral,,,,98.09,H,0.0521,3.2928,-2.4964,gain_of_function,-0.603512416222949,0.8696793015085671,0.1503,benign,https://doi.org/10.1101/2022.10.22.513328
D104H,NP_001073007:p.Asp104His,"hg19,22:g.29195059C>G",,7.9561457248e-06,0.232,"cBioPortal,saturation",-0.26772,-0.2771536827731635,Neutral,False,0.055,58.4,,True,58.4,,neutral,neutral,neutral,,,,98.23,H,0.0028,3.0054,-5.7218,gain_of_function,-4.01307253764557,0.36094560146440036,0.3242,benign,https://doi.org/10.1101/2022.10.22.513328
E106Q,NP_001073007:p.Glu106Gln,"hg38,22:g.28799065C>G",,,0.168,"COSMIC,saturation",-0.51948,0.2445488346907315,Neutral,False,0.038,69.6,,True,69.6,,neutral,neutral,neutral,,,,97.83,H,0.0414,2.6043,-3.6408,gain_of_function,-2.26659829550032,0.6215335575634608,0.2108,benign,https://doi.org/10.1101/2022.10.22.513328
L113V,NP_001073007:p.Leu113Val,"hg19,22:g.29193181A>C, hg38,22:g.28797193A>C",,,0.124,"cBioPortal,COSMIC,saturation",0.59973,0.2438461831386495,Neutral,False,0.208,70.2,,False,70.2,,neutral,neutral,neutral,,,,98.16,H,0.0482,3.1128,-4.281,gain_of_function,-0.828062806931038,0.8361745832918299,0.0953,benign,https://doi.org/10.1101/2022.10.22.513328
E115Q,NP_001073007:p.Glu115Gln,"hg19,22:g.29193175C>G, hg38,22:g.28797187C>G",,4.007823271e-06,0.213,"cBioPortal,saturation,clinvar",0.11477,0.3754931119786719,Neutral,False,0.161,55.3,,False,55.3,,neutral,neutral,neutral,2259903,Uncertain significance,1,97.79,H,-0.0958,1.1518,-4.3369,loss_of_function,-2.31579957346608,0.6141923325094855,0.2886,benign,https://doi.org/10.1101/2022.10.22.513328
Q117L,NP_001073007:p.Gln117Leu,"hg19,22:g.29193168T>A",,,0.237,"cBioPortal,saturation",-0.69781,-0.7425532073224789,Neutral,False,0.143,66.4,,False,66.4,,neutral,neutral,neutral,,,,97.68,H,0.0236,2.9268,-7.9188,gain_of_function,-2.67219500821264,0.5610152768951043,0.1686,benign,https://doi.org/10.1101/2022.10.22.513328
L118R,NP_001073007:p.Leu118Arg,"hg19,22:g.29193165A>C, hg38,22:g.28797177A>C",,,0.115,"cBioPortal,COSMIC,saturation",0.09212,0.285424244268308,Neutral,False,0.21,63.6,,False,63.6,,neutral,neutral,neutral,,,,98.02,H,-0.1442,2.836,-3.7064,loss_of_function,-1.80197435953963,0.6908591730835478,0.0996,benign,https://doi.org/10.1101/2022.10.22.513328
L119S,NP_001073007:p.Leu119Ser,"hg19,22:g.29193162A>G",,,0.732,"cBioPortal,saturation",1.22702,1.1005890349609122,Neutral,False,0.173,76.2,,False,76.2,,neutral,neutral,neutral,,,,97.7,H,-0.3492,0.3,-7.9188,loss_of_function,-6.4186483161505,0.0020144129963651563,0.9822,pathogenic,https://doi.org/10.1101/2022.10.22.513328
R120Q,NP_001073007:p.Arg120Gln,"hg19,22:g.29193159C>T",,,0.518,"cBioPortal,saturation",1.29221,0.4731451404381837,Neutral,False,0.082,80.1,,False,80.1,,neutral,neutral,neutral,,,,97.88,H,-0.097,2.0997,-3.743,loss_of_function,-2.0094430521171,0.65990318114925,0.0862,benign,https://doi.org/10.1101/2022.10.22.513328
E121D,NP_001073007:p.Glu121Asp,"hg19,22:g.29193155C>A, hg19,22:g.29193155C>G, hg38,22:g.28797167C>A, hg38,22:g.28797167C>G",,,"0.192, 0.489","cBioPortal,COSMIC,saturation",0.52503,0.1427121673426395,Neutral,False,0.044,79.8,,True,79.8,,neutral,neutral,neutral,,,,97.43,H,0.0382,2.5826,-5.2034,gain_of_function,-1.09711220426862,0.7960302565963701,0.2273,benign,https://doi.org/10.1101/2022.10.22.513328
E129Q,NP_001073007:p.Glu129Gln,"hg19,22:g.29193133C>G, hg38,22:g.28797145C>G",,,0.508,"cBioPortal,COSMIC,saturation",0.15734,0.0829349034748,Neutral,False,0.021,70.4,,False,70.4,,neutral,neutral,neutral,,,,95.77,H,-0.1082,0.9876,-3.8105,loss_of_function,-1.01837277304576,0.8077788108845593,0.2306,benign,https://doi.org/10.1101/2022.10.22.513328
Q131E,NP_001073007:p.Gln131Glu,"hg19,22:g.29193127G>C, hg38,22:g.28797139G>C",9.55414012739e-05,5.58779625298e-05,0.118,"saturation,clinvar",0.4764,0.0327565925242101,Neutral,False,0.025,63.3,,False,63.3,,neutral,neutral,neutral,2227944,Uncertain significance,1,93.97,H,0.0626,2.8753,-2.0573,gain_of_function,-0.965647272504544,0.8156458781958175,0.0924,benign,https://doi.org/10.1101/2022.10.22.513328
E132K,NP_001073007:p.Glu132Lys,"hg38,22:g.28797136C>T",,,0.306,"COSMIC,saturation",-0.25622,0.1402643317722168,Neutral,False,0.036,57.7,,False,57.7,,neutral,neutral,neutral,,,,94.17,H,-0.0616,2.0509,-4.1419,loss_of_function,-3.4517396930456,0.44470096134070836,0.2408,benign,https://doi.org/10.1101/2022.10.22.513328
E132Q,NP_001073007:p.Glu132Gln,"hg38,22:g.28797136C>G",,,0.240,"COSMIC,saturation",-0.26165,0.3069668610501286,Neutral,False,0.036,57.7,,False,57.7,,neutral,neutral,neutral,,,,94.17,H,-0.0208,2.0509,-5.8423,loss_of_function,-2.27543303816044,0.6202153431421397,0.1348,benign,https://doi.org/10.1101/2022.10.22.513328
R134K,NP_001073007:p.Arg134Lys,"hg19,22:g.29193117C>T",,1.19693584424e-05,0.206,"cBioPortal,saturation",-0.07609,1.0741396951226914,Neutral,False,0.087,45.1,,True,45.1,,neutral,neutral,neutral,,,,92.41,H,-0.0619,1.527,-3.0972,loss_of_function,-1.93826096340228,0.6705241193580336,0.2668,benign,https://doi.org/10.1101/2022.10.22.513328
R134S,NP_001073007:p.Arg134Ser,"hg19,22:g.29193116T>A",,,0.333,"cBioPortal,saturation",2.44936,1.5941619480426044,Uncertain,False,0.087,45.1,,True,45.1,,neutral,neutral,neutral,,,,92.41,H,-0.1962,1.527,-7.7976,loss_of_function,-5.7108798581205,0.10761914017680879,0.9331,pathogenic,https://doi.org/10.1101/2022.10.22.513328
R134T,NP_001073007:p.Arg134Thr,"hg19,22:g.29193117C>G",,,0.393,"cBioPortal,saturation",2.16677,1.0169583314260606,Uncertain,False,0.087,45.1,,True,45.1,,neutral,neutral,neutral,,,,92.41,H,-0.2006,1.527,-7.7976,loss_of_function,-5.7108798581205,0.10761914017680879,0.8631,pathogenic,https://doi.org/10.1101/2022.10.22.513328
R136C,NP_001073007:p.Arg136Cys,"hg19,22:g.29193112G>A, hg38,22:g.28797124G>A",3.18390219052e-05,3.9984326144e-06,0.318,"cBioPortal,COSMIC,saturation",1.89733,1.330060560953062,Neutral,False,0.063,77.8,,True,77.8,,neutral,neutral,neutral,,,,92.1,H,-0.2827,1.461,-21.9352,loss_of_function,-5.70079877889216,0.10912331800433801,0.2788,benign,https://doi.org/10.1101/2022.10.22.513328
R136H,NP_001073007:p.Arg136His,"hg19,22:g.29193111C>T, hg38,22:g.28797123C>T",,1.19889701475e-05,0.564,"cBioPortal,COSMIC,saturation",1.17639,0.4086147378126509,Neutral,False,0.063,77.8,,True,77.8,,neutral,neutral,neutral,,,,92.1,H,-0.2436,1.461,-21.9352,loss_of_function,-6.11752439222974,0.04694451615703559,0.2004,benign,https://doi.org/10.1101/2022.10.22.513328
G138W,NP_001073007:p.Gly138Trp,"hg19,22:g.29193106C>A, hg38,22:g.28797118C>A",,3.9985605182e-06,0.353,"cBioPortal,COSMIC,saturation",2.7135,0.5807422574140736,Uncertain,False,0.04,104.2,,False,104.2,,neutral,neutral,neutral,,,,85.32,T,-0.2579,1.6629,-8.4428,loss_of_function,-5.40760120713377,0.15287074588731514,0.7638,pathogenic,https://doi.org/10.1101/2022.10.22.513328
M139I,NP_001073007:p.Met139Ile,"hg19,22:g.29193101C>T",0.00012737230926,0.0003409792925281,0.144,"cBioPortal,saturation",1.36506,-0.1720370298630702,Neutral,False,0.028,63.6,,False,63.6,,neutral,neutral,neutral,,,,76.49,-,-0.0086,2.3985,-4.6615,loss_of_function,-0.979469070605377,0.8135835551281232,0.4192,ambiguous,https://doi.org/10.1101/2022.10.22.513328
D140Y,NP_001073007:p.Asp140Tyr,"hg38,22:g.28797112C>A",,,0.238,"COSMIC,saturation",-0.03864,0.6719767551735264,Neutral,False,0.024,57.2,,False,57.2,,neutral,neutral,neutral,,,,69.85,H,-0.1397,1.9323,-7.3128,loss_of_function,-3.26433449935105,0.4726633184191758,0.2117,benign,https://doi.org/10.1101/2022.10.22.513328
E146K,NP_001073007:p.Glu146Lys,"hg19,22:g.29193082C>T",,,0.116,"cBioPortal,saturation",-0.0524,0.1821610302461751,Neutral,False,0.037,94.0,,False,94.0,,neutral,neutral,neutral,,,,55.38,H,-0.0076,2.6572,-4.501,loss_of_function,-1.2409561235795,0.7745675908289908,0.0687,benign,https://doi.org/10.1101/2022.10.22.513328
E147Q,NP_001073007:p.Glu147Gln,"hg19,22:g.29193079C>G, hg38,22:g.28797091C>G",,,0.115,"cBioPortal,COSMIC,saturation",0.05313,0.3848964801122101,Neutral,False,0.062,62.0,,False,62.0,,neutral,neutral,neutral,,,,53.64,H,0.027,2.4632,-3.9069,gain_of_function,-0.571612837694388,0.874438974321702,0.1001,benign,https://doi.org/10.1101/2022.10.22.513328
A148V,NP_001073007:p.Ala148Val,"hg19,22:g.29193075G>A",,3.24822971481e-05,0.104,"cBioPortal,saturation",1.57959,0.0526649514616123,Neutral,False,0.07,74.6,,False,74.6,,neutral,neutral,neutral,,,,49.02,H,0.0958,3.2656,-1.9371,gain_of_function,-0.233421586432806,0.9248998198412949,0.07,benign,https://doi.org/10.1101/2022.10.22.513328
E149K,NP_001073007:p.Glu149Lys,"hg38,22:g.28797085_28797086delinsTT",,,,"COSMIC,saturation",-0.19121,0.1378555324394248,Neutral,False,0.038,101.8,,False,101.8,,neutral,neutral,neutral,,,,46.14,H,-0.045,2.2693,-4.826,loss_of_function,-1.71052403003943,0.7045042952811534,0.078,benign,https://doi.org/10.1101/2022.10.22.513328
G152E,NP_001073007:p.Gly152Glu,"hg19,22:g.29192179C>T",3.1849162367e-05,2.12192585991e-05,0.067,"cBioPortal,saturation",0.38325,0.6879315364511476,Neutral,False,0.011,121.1,,False,121.1,,neutral,neutral,neutral,,,,35.67,T,-0.1249,2.4907,-4.7549,loss_of_function,-0.892982370948485,0.8264880639662607,0.0903,benign,https://doi.org/10.1101/2022.10.22.513328
A159V,NP_001073007:p.Ala159Val,"hg19,22:g.29192158G>A, hg38,22:g.28796170G>A",,,0.040,"cBioPortal,COSMIC,saturation",1.71054,-0.2938068543777766,Neutral,False,0.006,113.9,,False,113.9,,neutral,neutral,neutral,,,,40.53,-,0.057,2.9655,-4.1344,gain_of_function,-0.845026795277177,0.8336434202527582,0.098,benign,https://doi.org/10.1101/2022.10.22.513328
A165P,NP_001073007:p.Ala165Pro,"hg19,22:g.29192141C>G",,,0.512,"cBioPortal,saturation",0.34834,0.4662283771540199,Neutral,False,0.026,107.5,,False,107.5,,neutral,neutral,neutral,,,,54.7,T,-0.2387,1.4335,-4.3219,loss_of_function,-3.94807297330335,0.3706440574796822,0.8384,pathogenic,https://doi.org/10.1101/2022.10.22.513328
A166T,NP_001073007:p.Ala166Thr,"hg38,22:g.28796150C>T",,,0.135,"COSMIC,saturation",0.4123,-0.1879513477548822,Neutral,False,0.061,98.6,,False,98.6,,neutral,neutral,neutral,,,,49.34,T,-0.0863,1.5375,-5.8765,loss_of_function,-0.739749892871083,0.8493515779572466,0.2129,benign,https://doi.org/10.1101/2022.10.22.513328
L167I,NP_001073007:p.Leu167Ile,"hg19,22:g.29192135G>T",,,,"cBioPortal,saturation",0.10776,0.5472737045805955,Neutral,False,0.094,103.8,,True,103.8,,neutral,neutral,neutral,,,,48.59,T,-0.0794,1.4331,-6.1015,loss_of_function,-2.08819922906906,0.6481521282640507,0.3483,ambiguous,https://doi.org/10.1101/2022.10.22.513328
R170H,NP_001073007:p.Arg170His,"hg38,22:g.28796137C>T",,8.0310319073e-06,0.182,"COSMIC,saturation",0.2596,-0.2265807503263245,Neutral,False,0.065,99.3,,True,99.3,,neutral,neutral,neutral,,,,51.17,S,-0.1244,1.9107,-6.6724,loss_of_function,-2.91172301339286,0.5252757785434261,0.1331,benign,https://doi.org/10.1101/2022.10.22.513328
P172S,NP_001073007:p.Pro172Ser,"hg19,22:g.29192120G>A, hg38,22:g.28796132G>A",,,0.407,"cBioPortal,COSMIC,saturation",0.76864,0.1144683341042479,Neutral,False,0.031,94.5,,False,94.5,,neutral,neutral,neutral,,,,43.23,-,-0.1654,0.8623,-6.0371,loss_of_function,-0.736377116141938,0.8498548232803191,0.6635,pathogenic,https://doi.org/10.1101/2022.10.22.513328
P172T,NP_001073007:p.Pro172Thr,"hg19,22:g.29192120G>T",,,0.636,"cBioPortal,saturation",0.49078,0.0372359464089749,Neutral,False,0.031,94.5,,False,94.5,,neutral,neutral,neutral,,,,43.23,-,-0.1737,0.8623,-5.3001,loss_of_function,-2.0665863525948,0.651376942675817,0.688,pathogenic,https://doi.org/10.1101/2022.10.22.513328
L173V,NP_001073007:p.Leu173Val,"hg19,22:g.29192117G>C, hg38,22:g.28796129G>C",,,0.235,"cBioPortal,COSMIC,saturation",-0.02074,0.228017435453211,Neutral,False,0.037,98.5,,False,98.5,,neutral,neutral,neutral,,,,49.61,-,-0.0786,1.8065,-5.5698,loss_of_function,-1.48804681719767,0.7376996787423131,0.1526,benign,https://doi.org/10.1101/2022.10.22.513328
Q174R,NP_001073007:p.Gln174Arg,"hg38,22:g.28796125T>C",,,,"COSMIC,saturation",0.27156,-0.4047807746576171,Neutral,False,0.04,113.6,,False,113.6,,neutral,neutral,neutral,,,,45.86,-,-0.2057,1.2917,-20.8576,loss_of_function,-3.65434910448771,0.4144700131022276,0.5351,ambiguous,https://doi.org/10.1101/2022.10.22.513328
P182L,NP_001073007:p.Pro182Leu,"hg38,22:g.28796101G>A",,,0.040,"COSMIC,saturation",0.10966,-0.4912872517864158,Neutral,False,0.029,80.8,,True,80.8,,neutral,neutral,neutral,,,,53.08,T,-0.0393,2.6191,-3.4009,loss_of_function,-0.776939392409038,0.8438026065272192,0.0986,benign,https://doi.org/10.1101/2022.10.22.513328
S187C,NP_001073007:p.Ser187Cys,"hg19,22:g.29192074G>C, hg38,22:g.28796086G>C",,,0.216,"cBioPortal,COSMIC,saturation",0.11904,0.8627961817659948,Neutral,False,0.049,57.1,,True,57.1,,uncertain,,,,,,74.94,-,-0.0269,2.3722,-5.4178,loss_of_function,-0.0351547904707238,0.9544828150411585,0.1015,benign,https://doi.org/10.1101/2022.10.22.513328
S187F,NP_001073007:p.Ser187Phe,"hg38,22:g.28796085_28796086delinsAA",,,,"COSMIC,saturation",-0.30193,0.0771124461491989,Neutral,False,0.049,57.1,,True,57.1,,uncertain,,,,,,74.94,-,-0.0493,2.3722,-4.4179,loss_of_function,-0.636688807149174,0.8647291180511868,0.1237,benign,https://doi.org/10.1101/2022.10.22.513328
A192V,NP_001073007:p.Ala192Val,"hg19,22:g.29192059G>A, hg38,22:g.28796071G>A",0.0001274291175534,7.15944888153e-05,0.016,"cBioPortal,COSMIC,saturation,clinvar",0.27277,-0.1663821367424622,Neutral,True,0.467,65.2,,True,65.2,,neutral,neutral,neutral,3190950,Uncertain significance,1,88.68,H,0.0679,3.1333,-5.0179,gain_of_function,-0.243224589092911,0.9234371332667178,0.083,benign,https://doi.org/10.1101/2022.10.22.513328
V193I,NP_001073007:p.Val193Ile,"hg19,22:g.29192057C>T",,,0.057,"cBioPortal,saturation",-0.91328,-0.2554803050950743,Neutral,True,0.509,82.4,,True,82.4,,neutral,neutral,neutral,,,,93.15,H,0.0587,2.732,-3.8444,gain_of_function,-0.507636030572722,0.8839848267615872,0.0785,benign,https://doi.org/10.1101/2022.10.22.513328
Q197R,NP_001073007:p.Gln197Arg,"hg19,22:g.29192044T>C, hg38,22:g.28796056T>C",,7.9539308326e-06,0.199,"saturation,clinvar",0.3672,-0.7101787422847,Neutral,True,0.268,82.1,,True,82.1,,neutral,neutral,neutral,2270948,Uncertain significance,1,94.6,H,-0.0536,2.0995,-5.6147,loss_of_function,-2.39068074349317,0.6030194617182754,0.3062,benign,https://doi.org/10.1101/2022.10.22.513328
I198L,NP_001073007:p.Ile198Leu,"hg19,22:g.29192042T>G, hg38,22:g.28796054T>G",,,0.227,"cBioPortal,COSMIC,saturation",-0.17647,-0.0139953650018292,Neutral,True,0.298,61.4,,True,61.4,,neutral,neutral,neutral,,,,93.38,H,0.0047,2.3662,-2.949,gain_of_function,-0.957902197123863,0.8168015055246269,0.0909,benign,https://doi.org/10.1101/2022.10.22.513328
S200N,NP_001073007:p.Ser200Asn,"hg38,22:g.28796047C>T",,,0.153,"COSMIC,saturation",-0.7274,-0.1810570184680071,Neutral,True,0.2,82.0,,False,82.0,,uncertain,,,,,,93.69,H,-0.0592,1.6956,-5.0874,loss_of_function,-2.4545357675443,0.5934917802886878,0.4791,ambiguous,https://doi.org/10.1101/2022.10.22.513328
L201F,NP_001073007:p.Leu201Phe,"hg19,22:g.29192048G>A",,,0.222,"cBioPortal,saturation",0.77815,0.2767780251958029,Neutral,True,0.198,77.8,,False,77.8,,neutral,neutral,neutral,,,,94.73,H,-0.1325,1.47,-5.5443,loss_of_function,-2.62549957571235,0.5679826097195871,0.1094,benign,https://doi.org/10.1101/2022.10.22.513328
W211C,NP_001073007:p.Trp211Cys,"hg19,22:g.29191687C>A",,,0.296,"cBioPortal,saturation",1.51584,2.306444334096912,Uncertain,False,0.155,70.2,,False,70.2,,neutral,neutral,neutral,,,,81.7,H,-0.1878,2.6305,-6.0552,loss_of_function,-1.75660978929935,0.6976279305910768,0.4037,ambiguous,https://doi.org/10.1101/2022.10.22.513328
T212A,NP_001073007:p.Thr212Ala,"hg19,22:g.29191686T>C, hg38,22:g.28795698T>C",,,0.333,"cBioPortal,COSMIC,saturation",-0.2822,0.1392828578385546,Neutral,False,0.139,78.7,,False,78.7,,uncertain,,,,,,79.67,H,-0.0528,1.9624,-4.7225,loss_of_function,-1.37880110415649,0.754000014806255,0.1089,benign,https://doi.org/10.1101/2022.10.22.513328
Q213L,NP_001073007:p.Gln213Leu,"hg19,22:g.29191682T>A, hg38,22:g.28795694T>A",,,0.051,"cBioPortal,COSMIC,saturation",-0.20856,-0.8043227481395432,Neutral,False,0.071,89.6,,False,89.6,,neutral,neutral,neutral,,,,75.67,H,-0.0164,2.3144,-4.7004,loss_of_function,-0.719816848198812,0.8523257479991694,0.112,benign,https://doi.org/10.1101/2022.10.22.513328
S217L,NP_001073007:p.Ser217Leu,"hg19,22:g.29191670G>A, hg38,22:g.28795682G>A",,,0.086,"cBioPortal,COSMIC,saturation",-0.5463,-0.6708423160743537,Neutral,False,0.02,77.1,,False,77.1,,uncertain,,,,,,56.82,H,-0.072,2.1069,-4.2039,loss_of_function,-1.10287153788108,0.795170917856441,0.0911,benign,https://doi.org/10.1101/2022.10.22.513328
