Mutation,HGVSp,HGVSg,gnomAD genome allele frequency,gnomAD exome allele frequency,REVEL score,Mutation sources,"Stability (FoldX5, alphafold, kcal/mol)","Stability (RaSP, alphafold, kcal/mol)","Stability classification, alphafold, (RaSP, FoldX)",EFoldMine - part of early folding region,EFoldMine score,Relative Side Chain Solvent Accessibility in wild-type,PTMs,is site part of phospho-SLiM,PTM residue SASA (%),"Change in stability with PTM (FoldX5, kcal/mol)",PTM effect in regulation,PTM effect in stability,PTM effect in function,AlphaFold2 model pLDDT score,AlphaFold2 model secondary structure,DeMaSk delta fitness,DeMaSk Shannon entropy,DeMaSk log2 variant frequency,DeMaSk predicted consequence,GEMME Score,GEMME Score (rank-normalized),AlphaMissense pathogenicity score,AlphaMissense classification,References
Y115C,NP_001231627:p.Tyr115Cys,"hg19,14:g.69256923T>C, hg38,14:g.68790206T>C",,,0.531,"cBioPortal,COSMIC,saturation",0.27016,1.196248279646435,Neutral,False,0.046,53.3,P,True,53.3,0.395,damaging,neutral,potentially_damaging,94.49,T,-0.4225,0.0001,-22.2036,loss_of_function,-6.86168004606847,0.10241567416957975,1.0,pathogenic,https://doi.org/10.1101/2022.10.22.513328
K116E,NP_001231627:p.Lys116Glu,"hg19,14:g.69256921T>C, hg38,14:g.68790204T>C",,,0.642,"cBioPortal,COSMIC,saturation",3.89666,1.44194750187871,Uncertain,False,0.062,9.3,,True,9.3,,neutral,neutral,neutral,94.24,T,-0.3472,0.0001,-22.2036,loss_of_function,-6.86168004606847,0.10241567416957975,1.0,pathogenic,https://doi.org/10.1101/2022.10.22.513328
T117A,NP_001231627:p.Thr117Ala,"hg19,14:g.69256918T>C",,,0.476,"cBioPortal,saturation",-0.72299,0.4427138353338922,Neutral,False,0.081,28.9,,True,28.9,,uncertain,,,93.6,-,-0.3206,0.0215,-22.2036,loss_of_function,-4.13716096826583,0.4499268841796604,0.9997,pathogenic,https://doi.org/10.1101/2022.10.22.513328
T117K,NP_001231627:p.Thr117Lys,"hg19,14:g.69256917G>T",,,0.567,"cBioPortal,saturation",-0.3114,0.1943119119241176,Neutral,False,0.081,28.9,,True,28.9,,uncertain,,,93.6,-,-0.4037,0.0215,-22.2036,loss_of_function,-6.86130926808615,0.10246296673814011,0.9993,pathogenic,https://doi.org/10.1101/2022.10.22.513328
C120Y,NP_001231627:p.Cys120Tyr,"hg19,14:g.69256908C>T",,,0.930,"cBioPortal,saturation",1.73347,-0.8501475445297546,Neutral,False,0.187,4.5,,True,4.5,,neutral,neutral,neutral,96.97,-,-0.4956,0.0001,-22.2036,loss_of_function,-6.86168004606847,0.10241567416957975,1.0,pathogenic,https://doi.org/10.1101/2022.10.22.513328
R121C,NP_001231627:p.Arg121Cys,"hg19,14:g.69256906G>A",,,0.481,"cBioPortal,saturation",0.48389,1.105687243100141,Neutral,False,0.073,84.0,,True,84.0,,neutral,neutral,neutral,95.36,H,-0.4146,0.0429,-22.2066,loss_of_function,-6.84817899299458,0.10413772755079585,0.9997,pathogenic,https://doi.org/10.1101/2022.10.22.513328
P122S,NP_001231627:p.Pro122Ser,"hg19,14:g.69256903G>A, hg38,14:g.68790186G>A",,,0.323,"cBioPortal,COSMIC,saturation",2.74774,-0.189824804374033,Uncertain,False,0.064,56.2,,True,56.2,,neutral,neutral,neutral,96.7,H,-0.1448,0.9677,-3.9189,loss_of_function,-2.5362750015843,0.6541191850896398,0.9842,pathogenic,https://doi.org/10.1101/2022.10.22.513328
E124Q,NP_001231627:p.Glu124Gln,"hg19,14:g.69256897C>G, hg38,14:g.68790180C>G",,,0.224,"cBioPortal,COSMIC,saturation",-0.38139,0.1608313262538407,Neutral,False,0.033,60.2,,False,60.2,,neutral,neutral,neutral,96.01,H,-0.139,0.7382,-5.3339,loss_of_function,-1.637403677596,0.7687698271010976,0.7947,pathogenic,https://doi.org/10.1101/2022.10.22.513328
E125K,NP_001231627:p.Glu125Lys,"hg38,14:g.68790177C>T",,,0.293,"COSMIC,saturation",-0.41788,0.1410226163232819,Neutral,False,0.019,86.8,,False,86.8,,neutral,neutral,neutral,96.42,H,-0.3425,0.0001,-22.2066,loss_of_function,-6.7775636279369,0.11314468630415116,0.9992,pathogenic,https://doi.org/10.1101/2022.10.22.513328
A128T,NP_001231627:p.Ala128Thr,"hg19,14:g.69256885C>T",,,0.093,"cBioPortal,saturation",-0.26643,-0.157354690164681,Neutral,False,0.059,85.4,,False,85.4,,neutral,neutral,neutral,95.75,-,0.0471,2.7524,-1.6487,gain_of_function,-0.213527279631393,0.9503846353778482,0.0753,benign,https://doi.org/10.1101/2022.10.22.513328
C129G,NP_001231627:p.Cys129Gly,"hg38,14:g.68790165A>C",,,0.967,"COSMIC,saturation",2.36908,1.0501464902607482,Uncertain,False,0.087,2.5,,False,2.5,,neutral,neutral,neutral,97.43,-,-0.4829,0.0214,-22.2155,loss_of_function,-7.32757851834788,0.04299052895303592,0.9998,pathogenic,https://doi.org/10.1101/2022.10.22.513328
C129S,NP_001231627:p.Cys129Ser,"hg19,14:g.69256881C>G, hg38,14:g.68790164C>G",,,0.962,"cBioPortal,COSMIC,saturation",1.21142,0.2931718716441606,Neutral,False,0.087,2.5,,False,2.5,,neutral,neutral,neutral,97.43,-,-0.4134,0.0214,-8.9276,loss_of_function,-4.40067733496395,0.4163154875134348,1.0,pathogenic,https://doi.org/10.1101/2022.10.22.513328
C129Y,NP_001231627:p.Cys129Tyr,"hg19,14:g.69256881C>T, hg38,14:g.68790164C>T",,,0.960,"cBioPortal,COSMIC,saturation",4.96363,0.3098464031405917,Uncertain,False,0.087,2.5,,False,2.5,,neutral,neutral,neutral,97.43,-,-0.4937,0.0214,-22.2155,loss_of_function,-7.32757851834788,0.04299052895303592,1.0,pathogenic,https://doi.org/10.1101/2022.10.22.513328
Y131C,NP_001231627:p.Tyr131Cys,"hg19,14:g.69256875T>C",,,0.682,"cBioPortal,saturation",0.7275,1.4043697570370075,Neutral,False,0.055,65.7,,True,65.7,,uncertain,,,95.94,T,-0.4226,0.0001,-22.2125,loss_of_function,-7.32739568576738,0.04301384916826089,1.0,pathogenic,https://doi.org/10.1101/2022.10.22.513328
Y131F,NP_001231627:p.Tyr131Phe,"hg19,14:g.69256875T>A, hg38,14:g.68790158T>A",,,0.479,"cBioPortal,COSMIC,saturation",-0.19497,-0.0162114160261561,Neutral,False,0.055,65.7,,True,65.7,,uncertain,,,95.94,T,-0.2894,0.0001,-22.2125,loss_of_function,-4.40067733496395,0.4163154875134348,0.9725,pathogenic,https://doi.org/10.1101/2022.10.22.513328
G132E,NP_001231627:p.Gly132Glu,"hg19,14:g.69256872C>T",,,0.930,"cBioPortal,saturation",2.63857,0.2594813626546649,Uncertain,False,0.045,90.2,,True,90.2,,neutral,neutral,neutral,94.03,G,-0.4392,0.0427,-22.2125,loss_of_function,-6.7230242734121,0.12010115698497599,0.9996,pathogenic,https://doi.org/10.1101/2022.10.22.513328
D133E,NP_001231627:p.Asp133Glu,"hg38,14:g.68790151G>C",3.19040326697e-05,,0.160,"COSMIC,saturation",-0.46296,-0.055432180607125,Neutral,False,0.022,113.4,,True,113.4,,neutral,neutral,neutral,93.96,G,-0.0076,1.9659,-1.6457,loss_of_function,-1.04182342948268,0.8447358257854923,0.4281,ambiguous,https://doi.org/10.1101/2022.10.22.513328
D133Y,NP_001231627:p.Asp133Tyr,"hg19,14:g.69256870C>A",,,0.624,"cBioPortal,saturation",0.06832,0.0838473299209602,Neutral,False,0.022,113.4,,True,113.4,,neutral,neutral,neutral,93.96,G,-0.2126,1.9659,-22.2096,loss_of_function,-4.56355000290405,0.39554115035625736,0.9832,pathogenic,https://doi.org/10.1101/2022.10.22.513328
K134T,NP_001231627:p.Lys134Thr,"hg19,14:g.69256866T>G, hg38,14:g.68790149T>G",,,0.557,"cBioPortal,COSMIC,saturation",0.53317,0.2485920339778363,Neutral,False,0.026,91.2,,True,91.2,,neutral,neutral,neutral,94.65,G,-0.3424,0.0214,-22.2125,loss_of_function,-7.2875770447746,0.04809269931289562,0.9989,pathogenic,https://doi.org/10.1101/2022.10.22.513328
C135F,NP_001231627:p.Cys135Phe,"hg19,14:g.69256863C>A, hg38,14:g.68790146C>A",,,0.974,"cBioPortal,COSMIC,saturation",8.51526,-0.4793255221044112,Uncertain,False,0.085,2.4,,False,2.4,,neutral,neutral,neutral,96.42,-,-0.4863,0.0001,-22.2125,loss_of_function,-7.39076785616203,0.03493075670829868,1.0,pathogenic,https://doi.org/10.1101/2022.10.22.513328
C135W,NP_001231627:p.Cys135Trp,"hg19,14:g.69256862G>C",,,0.924,"cBioPortal,saturation",10.65799,-0.5830330386354521,Uncertain,False,0.085,2.4,,False,2.4,,neutral,neutral,neutral,96.42,-,-0.4895,0.0001,-22.2125,loss_of_function,-7.39076785616203,0.03493075670829868,1.0,pathogenic,https://doi.org/10.1101/2022.10.22.513328
F137I,NP_001231627:p.Phe137Ile,"hg38,14:g.68790141A>T",,,0.890,"COSMIC,saturation",3.60044,0.6983918642111842,Uncertain,False,0.081,58.1,,False,58.1,,neutral,neutral,neutral,95.59,S,-0.3931,0.0001,-22.2125,loss_of_function,-7.40338897642255,0.033320938370394654,1.0,pathogenic,https://doi.org/10.1101/2022.10.22.513328
F137L,NP_001231627:p.Phe137Leu,"hg19,14:g.69256858A>G, hg38,14:g.68790139G>T, hg38,14:g.68790141A>G",,,"0.678, 0.899","cBioPortal,COSMIC,saturation",-0.3735,0.1406790651256911,Neutral,False,0.081,58.1,,False,58.1,,neutral,neutral,neutral,95.59,S,-0.3552,0.0001,-22.2125,loss_of_function,-7.40338897642255,0.033320938370394654,1.0,pathogenic,https://doi.org/10.1101/2022.10.22.513328
A138E,NP_001231627:p.Ala138Glu,"hg38,14:g.68790137G>T",,,0.638,"COSMIC,saturation",12.09257,5.59232135159706,Destabilizing,False,0.073,0.0,,False,0.0,,neutral,neutral,neutral,96.36,B,-0.4078,0.0001,-22.2155,loss_of_function,-7.42902957305631,0.03005049154762372,0.9999,pathogenic,https://doi.org/10.1101/2022.10.22.513328
H139L,NP_001231627:p.His139Leu,"hg19,14:g.69256851T>A, hg38,14:g.68790134T>A",,,0.961,"cBioPortal,COSMIC,saturation",-1.92808,-0.1635613917755174,Neutral,False,0.062,10.9,,False,10.9,,neutral,neutral,neutral,96.88,S,-0.3404,0.0688,-22.2155,loss_of_function,-7.41432011187801,0.03192667685104613,0.9998,pathogenic,https://doi.org/10.1101/2022.10.22.513328
G140A,NP_001231627:p.Gly140Ala,"hg19,14:g.69256848C>G",,,0.636,"cBioPortal,saturation",2.33223,0.5209356120895833,Uncertain,False,0.058,40.9,,False,40.9,,neutral,neutral,neutral,95.1,S,-0.3816,0.0214,-22.2155,loss_of_function,-6.89072146522514,0.09871145392984333,0.9972,pathogenic,https://doi.org/10.1101/2022.10.22.513328
G140D,NP_001231627:p.Gly140Asp,"hg19,14:g.69256848C>T",,,0.673,"cBioPortal,saturation",2.34892,0.2869311426210452,Uncertain,False,0.058,40.9,,False,40.9,,neutral,neutral,neutral,95.1,S,-0.4419,0.0214,-22.2155,loss_of_function,-7.4286591291141,0.03009774150951495,0.9993,pathogenic,https://doi.org/10.1101/2022.10.22.513328
G140V,NP_001231627:p.Gly140Val,"hg19,14:g.69256848C>A",,,0.668,"cBioPortal,saturation",3.79587,1.0334652419151191,Uncertain,False,0.058,40.9,,False,40.9,,neutral,neutral,neutral,95.1,S,-0.4684,0.0214,-22.2155,loss_of_function,-7.4286591291141,0.03009774150951495,0.9999,pathogenic,https://doi.org/10.1101/2022.10.22.513328
E143K,NP_001231627:p.Glu143Lys,"hg19,14:g.69256840C>T, hg38,14:g.68790123C>T",,,0.572,"cBioPortal,COSMIC,saturation",1.45084,0.8450436930856949,Neutral,False,0.091,32.1,,False,32.1,,neutral,neutral,neutral,95.23,T,-0.3406,0.0213,-22.2185,loss_of_function,-7.17205881881832,0.06282699822360883,0.9997,pathogenic,https://doi.org/10.1101/2022.10.22.513328
L144F,NP_001231627:p.Leu144Phe,"hg19,14:g.69256837G>A, hg38,14:g.68790120G>A",,,0.485,"cBioPortal,COSMIC,saturation",0.6241,0.7725032871803672,Neutral,False,0.137,34.0,,False,34.0,,neutral,neutral,neutral,94.23,-,-0.3294,0.2552,-22.2185,loss_of_function,-7.04254364102962,0.07934660218407048,0.9991,pathogenic,https://doi.org/10.1101/2022.10.22.513328
L144V,NP_001231627:p.Leu144Val,"hg19,14:g.69256837G>C",,,0.371,"cBioPortal,saturation",1.93268,1.6226825827805764,Neutral,False,0.137,34.0,,False,34.0,,neutral,neutral,neutral,94.23,-,-0.2304,0.2552,-7.3457,loss_of_function,-1.36864238785718,0.8030502113942161,0.9437,pathogenic,https://doi.org/10.1101/2022.10.22.513328
R149H,NP_001231627:p.Arg149His,"hg19,14:g.69256821C>T",,,0.584,"cBioPortal,saturation",0.41368,0.8693898279672115,Neutral,False,0.026,33.8,,False,33.8,,neutral,neutral,neutral,87.05,-,-0.3776,0.0213,-22.2185,loss_of_function,-7.53020532445583,0.017145568958172427,0.9978,pathogenic,https://doi.org/10.1101/2022.10.22.513328
T155M,NP_001231627:p.Thr155Met,"hg19,14:g.69256803G>A, hg38,14:g.68790086G>A",,,0.537,"cBioPortal,COSMIC,saturation",-0.50353,-0.1460436749743648,Neutral,False,0.095,43.9,,False,43.9,,uncertain,,,92.73,-,-0.3674,0.0001,-22.2185,loss_of_function,-7.55316937585945,0.014216514302243253,0.9994,pathogenic,https://doi.org/10.1101/2022.10.22.513328
E156G,NP_001231627:p.Glu156Gly,"hg19,14:g.69256800T>C, hg38,14:g.68790083T>C",,,0.638,"cBioPortal,COSMIC,saturation",1.08131,0.9882194542509384,Neutral,False,0.081,80.1,,False,80.1,,neutral,neutral,neutral,93.49,S,-0.3358,0.1137,-22.2185,loss_of_function,-7.42946661847836,0.029994746596273103,0.9988,pathogenic,https://doi.org/10.1101/2022.10.22.513328
L157M,NP_001231627:p.Leu157Met,"hg19,14:g.69256798G>T",,,0.315,"cBioPortal,saturation",0.03894,0.6952915737757026,Neutral,False,0.137,52.8,,False,52.8,,neutral,neutral,neutral,94.79,B,-0.19,1.3783,-22.2185,loss_of_function,-2.44101443761467,0.666269628124169,0.7518,pathogenic,https://doi.org/10.1101/2022.10.22.513328
C158W,NP_001231627:p.Cys158Trp,"hg38,14:g.68790076G>C",,,0.868,"COSMIC,saturation",11.83817,-0.6548399348075457,Uncertain,False,0.185,5.7,,False,5.7,,neutral,neutral,neutral,96.7,-,-0.4895,0.0001,-22.2155,loss_of_function,-7.66462812401089,0.0,1.0,pathogenic,https://doi.org/10.1101/2022.10.22.513328
R159H,NP_001231627:p.Arg159His,"hg19,14:g.69256791C>T",,,0.453,"cBioPortal,saturation",0.64441,-0.1995076980019039,Neutral,False,0.086,103.5,,False,103.5,,neutral,neutral,neutral,95.84,H,-0.2992,0.1354,-8.9247,loss_of_function,-3.81844222488014,0.49057931971194585,0.9886,pathogenic,https://doi.org/10.1101/2022.10.22.513328
R159L,NP_001231627:p.Arg159Leu,"hg38,14:g.68790074C>A",,,0.541,"COSMIC,saturation",0.40894,-0.3133538784286571,Neutral,False,0.086,103.5,,False,103.5,,neutral,neutral,neutral,95.84,H,-0.3997,0.1354,-22.2125,loss_of_function,-6.84868951429505,0.10407261078347062,0.9984,pathogenic,https://doi.org/10.1101/2022.10.22.513328
T160I,NP_001231627:p.Thr160Ile,"hg19,14:g.69256788G>A",,,0.629,"cBioPortal,saturation",-1.11083,-0.6905609773961996,Neutral,False,0.102,53.9,P,True,53.9,-2.699,damaging,uncertain,potentially_damaging,96.04,H,-0.3486,0.0001,-22.2155,loss_of_function,-6.9270193342503,0.09408167670108782,0.9999,pathogenic,https://doi.org/10.1101/2022.10.22.513328
F161L,NP_001231627:p.Phe161Leu,"hg19,14:g.69256784G>C, hg38,14:g.68790067G>C",,,0.587,"cBioPortal,COSMIC,saturation",0.3028,1.1918316108240237,Neutral,True,0.21,28.8,,True,28.8,,neutral,neutral,neutral,96.51,H,-0.3252,0.3257,-22.2155,loss_of_function,-7.36782653215377,0.037856912494946146,1.0,pathogenic,https://doi.org/10.1101/2022.10.22.513328
F161S,NP_001231627:p.Phe161Ser,"hg19,14:g.69256785A>G, hg38,14:g.68790068A>G",,,0.711,"cBioPortal,COSMIC,saturation",2.3396,2.464127714325019,Uncertain,True,0.21,28.8,,True,28.8,,neutral,neutral,neutral,96.51,H,-0.3982,0.3257,-22.2155,loss_of_function,-7.36782653215377,0.037856912494946146,0.9999,pathogenic,https://doi.org/10.1101/2022.10.22.513328
F161V,NP_001231627:p.Phe161Val,"hg38,14:g.68790069A>C",,,0.598,"COSMIC,saturation",2.6925,1.1567486044993838,Uncertain,True,0.21,28.8,,True,28.8,,neutral,neutral,neutral,96.51,H,-0.3575,0.3257,-22.2155,loss_of_function,-7.36782653215377,0.037856912494946146,0.9996,pathogenic,https://doi.org/10.1101/2022.10.22.513328
T163I,NP_001231627:p.Thr163Ile,"hg19,14:g.69256779G>A",,,0.568,"cBioPortal,saturation",0.34157,-0.4152930881149747,Neutral,True,0.248,85.4,P,True,85.4,0.297,damaging,neutral,potentially_damaging,96.18,H,-0.2607,0.9548,-22.2125,loss_of_function,-3.46868947934006,0.535190128568901,0.9989,pathogenic,https://doi.org/10.1101/2022.10.22.513328
G165A,NP_001231627:p.Gly165Ala,"hg19,14:g.69256773C>G, hg38,14:g.68790056C>G",,,0.896,"cBioPortal,COSMIC,saturation",2.79838,1.6553711531088933,Uncertain,True,0.201,97.4,,True,97.4,,neutral,neutral,neutral,94.48,S,-0.3796,0.0427,-22.2125,loss_of_function,-7.03362734413866,0.08048387193073184,0.9981,pathogenic,https://doi.org/10.1101/2022.10.22.513328
G165D,NP_001231627:p.Gly165Asp,"hg38,14:g.68790056C>T",,,0.900,"COSMIC,saturation",2.76907,1.0381437793068828,Uncertain,True,0.201,97.4,,True,97.4,,neutral,neutral,neutral,94.48,S,-0.4399,0.0427,-22.2125,loss_of_function,-7.58226720049547,0.010505099568425429,0.9999,pathogenic,https://doi.org/10.1101/2022.10.22.513328
G165V,NP_001231627:p.Gly165Val,"hg38,14:g.68790056C>A",,,0.909,"COSMIC,saturation",4.743,2.5680904519280987,Uncertain,True,0.201,97.4,,True,97.4,,neutral,neutral,neutral,94.48,S,-0.4664,0.0427,-22.2125,loss_of_function,-7.58226720049547,0.010505099568425429,0.9999,pathogenic,https://doi.org/10.1101/2022.10.22.513328
C167S,NP_001231627:p.Cys167Ser,"hg38,14:g.68790051A>T",,,0.944,"COSMIC,saturation",1.13918,1.1300979121158696,Neutral,False,0.153,0.7,,True,0.7,,neutral,neutral,neutral,97.09,-,-0.4831,0.0001,-22.2096,loss_of_function,-4.51656934963747,0.40153351201624643,1.0,pathogenic,https://doi.org/10.1101/2022.10.22.513328
Y169C,NP_001231627:p.Tyr169Cys,"hg19,14:g.69256761T>C, hg38,14:g.68790044T>C",,,0.502,"cBioPortal,COSMIC,saturation",0.89933,0.9320272721656856,Neutral,False,0.022,82.7,P,True,82.7,1.675,damaging,neutral,potentially_damaging,95.03,T,-0.4206,0.0215,-22.2066,loss_of_function,-7.05555100501741,0.07768751862864018,1.0,pathogenic,https://doi.org/10.1101/2022.10.22.513328
Y169H,NP_001231627:p.Tyr169His,"hg19,14:g.69256762A>G",,,0.446,"cBioPortal,saturation",0.70411,-0.0195282276552388,Neutral,False,0.022,82.7,P,True,82.7,1.675,damaging,neutral,potentially_damaging,95.03,T,-0.3576,0.0215,-22.2066,loss_of_function,-2.30526922341001,0.6835838704892415,1.0,pathogenic,https://doi.org/10.1101/2022.10.22.513328
Y169S,NP_001231627:p.Tyr169Ser,"hg19,14:g.69256761T>G, hg38,14:g.68790044T>G",,,0.482,"cBioPortal,COSMIC,saturation",1.1685,0.7239456498463339,Neutral,False,0.022,82.7,P,True,82.7,1.675,uncertain,neutral,potentially_damaging,95.03,T,-0.4546,0.0215,-22.2066,loss_of_function,-7.05555100501741,0.07768751862864018,0.9988,pathogenic,https://doi.org/10.1101/2022.10.22.513328
G170W,NP_001231627:p.Gly170Trp,"hg19,14:g.69256759C>A, hg38,14:g.68790042C>A",,,0.866,"cBioPortal,COSMIC,saturation",1.80745,0.1403080430910092,Neutral,False,0.022,70.3,,False,70.3,,neutral,neutral,neutral,92.34,G,-0.4772,0.0429,-22.2066,loss_of_function,-7.51924175806279,0.018543967029344594,1.0,pathogenic,https://doi.org/10.1101/2022.10.22.513328
P171S,NP_001231627:p.Pro171Ser,"hg19,14:g.69256756G>A, hg38,14:g.68790039G>A",,,0.322,"cBioPortal,COSMIC,saturation",1.11291,0.1016055612027438,Neutral,False,0.026,79.9,,False,79.9,,neutral,neutral,neutral,90.54,G,-0.1236,1.2545,-4.9189,loss_of_function,-1.99644724816921,0.7229739775976813,0.9341,pathogenic,https://doi.org/10.1101/2022.10.22.513328
R172C,NP_001231627:p.Arg172Cys,"hg19,14:g.69256753G>A, hg38,14:g.68790036G>A",,,0.637,"cBioPortal,COSMIC,saturation",0.06543,1.173095581036562,Neutral,False,0.023,69.2,,False,69.2,,neutral,neutral,neutral,90.5,G,-0.4146,0.0429,-22.2066,loss_of_function,-7.06114596872683,0.07697388346841542,0.9999,pathogenic,https://doi.org/10.1101/2022.10.22.513328
C173Y,NP_001231627:p.Cys173Tyr,"hg19,14:g.69256749C>T",,,0.963,"cBioPortal,saturation",8.77982,-0.6945224060437805,Uncertain,False,0.066,4.0,,False,4.0,,neutral,neutral,neutral,94.41,-,-0.4936,0.0216,-22.2006,loss_of_function,-7.16576601307663,0.06362964282810786,1.0,pathogenic,https://doi.org/10.1101/2022.10.22.513328
H177Q,NP_001231627:p.His177Gln,"hg19,14:g.69256736G>C",,,0.925,"cBioPortal,saturation",-0.32461,1.070343983601969,Neutral,False,0.092,10.7,,False,10.7,,neutral,neutral,neutral,94.11,-,-0.2631,0.0216,-22.1946,loss_of_function,-7.48270097666215,0.023204727624749143,0.9999,pathogenic,https://doi.org/10.1101/2022.10.22.513328
A179D,NP_001231627:p.Ala179Asp,"hg19,14:g.69256731G>T, hg38,14:g.68790014G>T",,,0.373,"cBioPortal,COSMIC,saturation",0.36132,-0.3917728150489052,Neutral,False,0.083,82.9,,False,82.9,,neutral,neutral,neutral,78.08,H,-0.179,1.7607,-6.3129,loss_of_function,-2.42355142382162,0.6684970278524689,0.7508,pathogenic,https://doi.org/10.1101/2022.10.22.513328
E181Q,NP_001231627:p.Glu181Gln,"hg19,14:g.69256726C>G, hg38,14:g.68790009C>G",,,0.260,"cBioPortal,COSMIC,saturation",1.20401,0.8313336016311113,Neutral,False,0.136,32.4,,False,32.4,,neutral,neutral,neutral,75.6,H,-0.163,0.5873,-7.3309,loss_of_function,-3.35339204388385,0.5498962657484436,0.9942,pathogenic,https://doi.org/10.1101/2022.10.22.513328
R183G,NP_001231627:p.Arg183Gly,"hg19,14:g.69256720G>C, hg38,14:g.68790003G>C",,,0.360,"cBioPortal,COSMIC,saturation",0.86653,1.2104697641795863,Neutral,False,0.186,74.8,,False,74.8,,neutral,neutral,neutral,70.84,H,-0.209,1.7678,-7.8233,loss_of_function,-3.13863693758803,0.5772881850977087,0.5246,ambiguous,https://doi.org/10.1101/2022.10.22.513328
A184P,NP_001231627:p.Ala184Pro,"hg38,14:g.68790000C>G",,,0.028,"COSMIC,saturation",2.01895,4.170090938583957,Uncertain,False,0.195,86.7,,False,86.7,,neutral,neutral,neutral,68.96,H,-0.088,2.9645,-2.388,loss_of_function,-0.898000418271938,0.8630803876057194,0.2081,benign,https://doi.org/10.1101/2022.10.22.513328
A186T,NP_001231627:p.Ala186Thr,"hg19,14:g.69256711C>T, hg38,14:g.68789994C>T",,,0.025,"cBioPortal,COSMIC,saturation",-0.71066,0.0160001721775615,Neutral,False,0.106,59.1,,False,59.1,,neutral,neutral,neutral,64.94,H,0.0802,3.2885,-4.826,gain_of_function,-1.00058136081886,0.8499962335034819,0.0752,benign,https://doi.org/10.1101/2022.10.22.513328
A188T,NP_001231627:p.Ala188Thr,"hg19,14:g.69256705C>T, hg38,14:g.68789988C>T",,4.134725909e-06,0.024,"cBioPortal,COSMIC,saturation",0.67287,0.1054789750265328,Neutral,False,0.119,69.4,,False,69.4,,neutral,neutral,neutral,60.77,H,0.0836,3.3015,-4.3877,gain_of_function,-0.230316907106938,0.948243125778161,0.0626,benign,https://doi.org/10.1101/2022.10.22.513328
R189L,NP_001231627:p.Arg189Leu,"hg19,14:g.69256701C>A, hg38,14:g.68789984C>A",,,0.028,"cBioPortal,COSMIC,saturation",1.04123,-0.2427872692745053,Neutral,False,0.063,71.9,,False,71.9,,neutral,neutral,neutral,57.83,H,-0.0586,2.9827,-6.705,loss_of_function,-1.21149672803691,0.8230940711846999,0.242,benign,https://doi.org/10.1101/2022.10.22.513328
L191F,NP_001231627:p.Leu191Phe,"hg38,14:g.68789979G>A",,,0.058,"COSMIC,saturation",-0.04525,0.2089319296960645,Neutral,False,0.046,94.6,,False,94.6,,neutral,neutral,neutral,58.88,T,0.0638,3.5092,-3.8509,gain_of_function,-0.385333098519949,0.9284708787463889,0.0811,benign,https://doi.org/10.1101/2022.10.22.513328
